{
    "id": "SDRW2100000095",
    "metadata": {
        "title": "국립국어원 구어 말뭉치 SDRW2100000095",
        "creator": "국립국어원",
        "distributor": "국립국어원",
        "year": "2021",
        "category": "구어 > 사적대화 > 일상대화",
        "annotation_level": [
            "원시"
        ],
        "sampling": "본문 전체"
    },
    "document": [
        {
            "id": "SDRW2100000095.1",
            "metadata": {
                "title": "2인 일상 대화",
                "author": "개인 발화자",
                "publisher": "개인 발화 녹음",
                "date": "20210813",
                "topic": "우정 > 친구의 성향, 함께한 추억",
                "speaker": [
                    {
                        "id": "SD2100095",
                        "age": "20대",
                        "occupation": "학생",
                        "sex": "여성",
                        "birthplace": "서울",
                        "principal_residence": "서울",
                        "current_residence": "경기",
                        "education": "대재"
                    },
                    {
                        "id": "SD2100096",
                        "age": "20대",
                        "occupation": "학생",
                        "sex": "여성",
                        "birthplace": "서울",
                        "principal_residence": "서울",
                        "current_residence": "서울",
                        "education": "대재"
                    }
                ],
                "setting": {
                    "relation": "친구"
                }
            },
            "utterance": [
                {
                    "id": "SDRW2100000095.1.1.1",
                    "form": "name야 너 엠비티아이 뭐랬지?",
                    "original_form": "&name&야 너 엠비티아이 뭐랬지?",
                    "speaker_id": "SD2100096",
                    "start": "1.43000",
                    "end": "3.60900",
                    "note": ""
                },
                {
                    "id": "SDRW2100000095.1.1.2",
                    "form": "나 아이에스에프피 뭔지 알아?",
                    "original_form": "나 아이에스에프피 뭔지 알아?",
                    "speaker_id": "SD2100095",
                    "start": "3.80900",
                    "end": "6.59000",
                    "note": ""
                },
                {
                    "id": "SDRW2100000095.1.1.3",
                    "form": "아니 나 그거 잘 몰라.",
                    "original_form": "아니 나 그거 잘 몰라.",
                    "speaker_id": "SD2100096",
                    "start": "6.73000",
                    "end": "8.22000",
                    "note": ""
                },
                {
                    "id": "SDRW2100000095.1.1.4",
                    "form": "호기심 많은 예술가 유형이라고 하는데",
                    "original_form": "호기심 많은 예술가 유형이라고 하는데",
                    "speaker_id": "SD2100095",
                    "start": "9.17000",
                    "end": "12.30900",
                    "note": ""
                },
                {
                    "id": "SDRW2100000095.1.1.5",
                    "form": "나는 내 엠비티아이 유형이 마음에 들어 너는 뭔데?",
                    "original_form": "나는 내 엠비티아이 유형이 마음에 들어 너는 뭔데?",
                    "speaker_id": "SD2100095",
                    "start": "13.64900",
                    "end": "17.80900",
                    "note": ""
                },
                {
                    "id": "SDRW2100000095.1.1.6",
                    "form": "나는 이에스에프제이 사교적인 외교관이래.",
                    "original_form": "나는 이에스에프제이 사교적인 외교관이래.",
                    "speaker_id": "SD2100096",
                    "start": "17.85900",
                    "end": "20.97000",
                    "note": ""
                },
                {
                    "id": "SDRW2100000095.1.1.7",
                    "form": "그거 내 주변 친구들도 많은 유형을 갖고 있더라고",
                    "original_form": "그거 내 주변 친구들도 많은 유형을 갖고 있더라고",
                    "speaker_id": "SD2100095",
                    "start": "21.50000",
                    "end": "25.09000",
                    "note": ""
                },
                {
                    "id": "SDRW2100000095.1.1.8",
                    "form": "이거 엠비티아이가 내 꿈인 승무원이랑 잘 맞아서 나는 정말 마음에 드는 엠비티아이야.",
                    "original_form": "이거 엠비티아이가 내 꿈인 승무원이랑 잘 맞아서 나는 정말 마음에 드는 엠비티아이야.",
                    "speaker_id": "SD2100096",
                    "start": "25.38000",
                    "end": "31.31000",
                    "note": ""
                },
                {
                    "id": "SDRW2100000095.1.1.9",
                    "form": "언제부터 너는 이에스에프제이였어?",
                    "original_form": "언제부터 너는 이에스에프제이였어?",
                    "speaker_id": "SD2100095",
                    "start": "32.08000",
                    "end": "34.83000",
                    "note": ""
                },
                {
                    "id": "SDRW2100000095.1.1.10",
                    "form": "나는 중학교 때부터 이에스에프제이였는데 최근에 성격이 바뀌었다고 생각해서 다시 검사했는데도 똑같이 나오더라고",
                    "original_form": "나는 중학교 때부터 이에스에프제이였는데 최근에 성격이 바뀌'었다고 생각해서 다시 검사했는데도 똑같이 나오더라고",
                    "speaker_id": "SD2100096",
                    "start": "35.15000",
                    "end": "42.91000",
                    "note": ""
                },
                {
                    "id": "SDRW2100000095.1.1.11",
                    "form": "어 나는 원래 나도 원래 이에스에프제이였는데",
                    "original_form": "어 나는 원래 나도 원래 이에스에프제이였는데",
                    "speaker_id": "SD2100095",
                    "start": "43.44000",
                    "end": "47.90000",
                    "note": ""
                },
                {
                    "id": "SDRW2100000095.1.1.12",
                    "form": "예전 작년 재작년 이후로 아이에스에프피로 바뀌었는데 난 이게 더 맞는 거 같아.",
                    "original_form": "예전 작년 재작년 이후로 아이에스에프피로 바뀌'었는데 난 이게 더 맞는 거 같아.",
                    "speaker_id": "SD2100095",
                    "start": "47.90000",
                    "end": "54.36000",
                    "note": ""
                },
                {
                    "id": "SDRW2100000095.1.1.13",
                    "form": "그러면 이에서 아이로 바뀌었는데 그러면 갑자기 외향적이었다가 내향적으로 바뀐거야?",
                    "original_form": "그러면 이에서 아이로 바뀌'었는데 그러면 갑자기 외향적이었다가 내향적으로 바뀐거야?",
                    "speaker_id": "SD2100096",
                    "start": "54.80000",
                    "end": "60.82000",
                    "note": ""
                },
                {
                    "id": "SDRW2100000095.1.1.14",
                    "form": "그거는 아닌데 이에스에프피 유형이 원래 아이들 중에서 가장 외향적이라 하더라고",
                    "original_form": "그거는 아닌데 이에스에프피 유형이 원래 아이들 중에서 가장 외향적이라 하더라고",
                    "speaker_id": "SD2100095",
                    "start": "61.14000",
                    "end": "69.26000",
                    "note": ""
                },
                {
                    "id": "SDRW2100000095.1.1.15",
                    "form": "아 그러면은 좀 헷갈렸을 수도 있겠다.",
                    "original_form": "아 그러면은 좀 헷갈렸을 수도 있겠다.",
                    "speaker_id": "SD2100096",
                    "start": "69.64000",
                    "end": "73.08000",
                    "note": ""
                },
                {
                    "id": "SDRW2100000095.1.1.16",
                    "form": "맞아 근데 나는 집을 되게 좋아하고 이 유형 자체가 원래 집에 많이 있고 약간 사색하는 거 좋아하고",
                    "original_form": "맞아 근데 나는 집을 되게 좋아하고 이 유형 자체가 원래 집에 많이 있고 약간 사색하는 거 좋아하고",
                    "speaker_id": "SD2100095",
                    "start": "73.40000",
                    "end": "81.78293",
                    "note": ""
                },
                {
                    "id": "SDRW2100000095.1.1.17",
                    "form": "글이랑 영화보는 거 좋아하는데 난 잘 맞는 거 같아.",
                    "original_form": "글이랑 영화보는 거 좋아하는데 난 잘 맞는 거 같아.",
                    "speaker_id": "SD2100095",
                    "start": "81.78293",
                    "end": "85.64000",
                    "note": ""
                },
                {
                    "id": "SDRW2100000095.1.1.18",
                    "form": "나는 약간 친구들이랑 있는 걸 더 좋아하고 집에 혼자있으면 친구들이랑 일부러 영상통화도 하고 이럴 정도로",
                    "original_form": "나는 약간 친구들이랑 있는 걸 더 좋아하고 집에 혼자있으면 친구들이랑 일부러 영상통화도 하고 이럴 정도로",
                    "speaker_id": "SD2100096",
                    "start": "86.26000",
                    "end": "94.41000",
                    "note": ""
                },
                {
                    "id": "SDRW2100000095.1.1.19",
                    "form": "집에 혼자 있는 걸 못 견디는 성격이라서 내 엠비티아이가 잘 맞는 거 같아.",
                    "original_form": "집에 혼자 있는 걸 못 견디는 성격이라서 내 엠비티아이가 잘 맞는 거 같애.",
                    "speaker_id": "SD2100096",
                    "start": "94.41000",
                    "end": "98.95000",
                    "note": ""
                },
                {
                    "id": "SDRW2100000095.1.1.20",
                    "form": "아 그래 나는 집에 한 3일 정도만 있어도 행복하고 일주일 정도 더 있을 수 있거든.",
                    "original_form": "아 그래 나는 집에 한 삼 일 정도만 있어도 행복하고 일주일 정도 더 있을 수 있거든.",
                    "speaker_id": "SD2100095",
                    "start": "99.66000",
                    "end": "106.64000",
                    "note": ""
                },
                {
                    "id": "SDRW2100000095.1.1.21",
                    "form": "그래서 난 너 같은 유형을 보면 참 신기해.",
                    "original_form": "그래서 난 너 같은 유형을 보면 참 신기해.",
                    "speaker_id": "SD2100095",
                    "start": "106.64000",
                    "end": "109.62000",
                    "note": ""
                },
                {
                    "id": "SDRW2100000095.1.1.22",
                    "form": "나는 너 같은 유형을 보는 게 더 신기한 거 같아 집에서",
                    "original_form": "나는 너 같은 유형을 보는 게 더 신기한 거 같애 집에서",
                    "speaker_id": "SD2100096",
                    "start": "109.82000",
                    "end": "115.18000",
                    "note": ""
                },
                {
                    "id": "SDRW2100000095.1.1.23",
                    "form": "혹시 나름대로 바쁘단 얘기를 들었는데 그게 맞니?",
                    "original_form": "혹시 나름대로 바쁘단 얘기를 들었는데 그게 맞니?",
                    "speaker_id": "SD2100096",
                    "start": "115.18000",
                    "end": "118.70000",
                    "note": ""
                },
                {
                    "id": "SDRW2100000095.1.1.24",
                    "form": "맞아 근데 솔직히 집안에서도 할게 되게 많아 영화도 봐야 되고 아침에 일어나서 밥도 먹고 해야 될 일을 하다 보면 시간이 금방 가.",
                    "original_form": "맞아 근데 솔직히 집안에서도 할게 되게 많아 영화도 봐야 되고 아침에 일어나서 밥도 먹고 해야 될 일을 하다 보면 시간이 금방 가.",
                    "speaker_id": "SD2100095",
                    "start": "118.84000",
                    "end": "127.56000",
                    "note": ""
                },
                {
                    "id": "SDRW2100000095.1.1.25",
                    "form": "나는 맨날 인스타그램이나 페이스북 새로고침해도 똑같은 내용만 나오고 이러다 보니까.",
                    "original_form": "나는 맨날 인스타그램이나 페이스북 새로고침해도 똑같은 내용만 나오고 이러다 보니까.",
                    "speaker_id": "SD2100096",
                    "start": "128.15000",
                    "end": "135.78999",
                    "note": ""
                },
                {
                    "id": "SDRW2100000095.1.1.26",
                    "form": "아무래도 추억팔이나 새로운 얘기를 할 수 있는 친구들과 통화나 아니면 직접 만나서 수다 떠는 게 더 좋은 거 같아.",
                    "original_form": "아무래도 추억팔이나 새로운 얘기를 할 수 있는 친구들과 통화나 아니면 직접 만나서 수다 떠는 게 더 좋은 거 같애.",
                    "speaker_id": "SD2100096",
                    "start": "135.78999",
                    "end": "143.81001",
                    "note": ""
                },
                {
                    "id": "SDRW2100000095.1.1.27",
                    "form": "그러면 직접 만난다고 했을 때 친구들이랑 보통 만나서 몇 시간 정도 놀아?",
                    "original_form": "그러면 직접 만난다고 했을 때 친구들이랑 보통 만나서 몇 시간 정도 놀아?",
                    "speaker_id": "SD2100095",
                    "start": "144.13000",
                    "end": "149.45999",
                    "note": ""
                },
                {
                    "id": "SDRW2100000095.1.1.28",
                    "form": "기본적으로 5 6시간은 노는 거 같아.",
                    "original_form": "기본적으로 다 여섯 시간은 노는 거 같애.",
                    "speaker_id": "SD2100096",
                    "start": "150.08000",
                    "end": "153.40001",
                    "note": ""
                },
                {
                    "id": "SDRW2100000095.1.1.29",
                    "form": "안 지쳐?",
                    "original_form": "안 지쳐?",
                    "speaker_id": "SD2100095",
                    "start": "153.87001",
                    "end": "154.90999",
                    "note": ""
                },
                {
                    "id": "SDRW2100000095.1.1.30",
                    "form": "밥 먹고 카페 가고 또 수다 떨고",
                    "original_form": "밥 먹고 카페 가고 또 수다 떨고",
                    "speaker_id": "SD2100096",
                    "start": "155.04999",
                    "end": "159.09000",
                    "note": ""
                },
                {
                    "id": "SDRW2100000095.1.1.31",
                    "form": "사진도 찍고 이러다 보면 금방 가는 거 같아.",
                    "original_form": "사진도 찍고 이러다 보면 금방 가는 거 같애.",
                    "speaker_id": "SD2100096",
                    "start": "159.09000",
                    "end": "162.55000",
                    "note": ""
                },
                {
                    "id": "SDRW2100000095.1.1.32",
                    "form": "나도 나가서 노는 건 좋긴 한데 그 약속이 3일 이상이면 난 너무 힘들더라.",
                    "original_form": "나도 나가서 노는 건 좋긴 한데 그 약속이 삼 일 이상이면 난 너무 힘들더라.",
                    "speaker_id": "SD2100095",
                    "start": "163.05000",
                    "end": "168.70999",
                    "note": ""
                },
                {
                    "id": "SDRW2100000095.1.1.33",
                    "form": "어 그건 맞는 거 같아 나도 하루 정도는 나만의 시간이 필요해.",
                    "original_form": "어 그건 맞는 거 같애 나도 하루 정도는 나만의 시간이 필요해.",
                    "speaker_id": "SD2100096",
                    "start": "169.45000",
                    "end": "174.47999",
                    "note": ""
                },
                {
                    "id": "SDRW2100000095.1.1.34",
                    "form": "어 그래 그러면은 너는 친구들이랑 있을 때 말고는 주로 뭘 하는 편이야?",
                    "original_form": "어 그래 그러면은 너는 친구들이랑 있을 때 말고는 주로 뭘 하는 편이야?",
                    "speaker_id": "SD2100095",
                    "start": "174.74000",
                    "end": "180.85000",
                    "note": ""
                },
                {
                    "id": "SDRW2100000095.1.1.35",
                    "form": "어",
                    "original_form": "어~",
                    "speaker_id": "SD2100096",
                    "start": "181.17000",
                    "end": "182.03000",
                    "note": ""
                },
                {
                    "id": "SDRW2100000095.1.1.36",
                    "form": "동영상을 많이 봐 드라마 정주행을 하거나 아니면 짧은 클립으로 정리된 거를 자주 보곤 해.",
                    "original_form": "동영상을 많이 봐 드라마 정주행을 하거나 아니면 짧은 클립으로 정리된 거를 자주 보곤 해.",
                    "speaker_id": "SD2100096",
                    "start": "182.03000",
                    "end": "189.06001",
                    "note": ""
                },
                {
                    "id": "SDRW2100000095.1.1.37",
                    "form": "그게 너의 취미인 거네?",
                    "original_form": "그게 너의 취미인 거네?",
                    "speaker_id": "SD2100095",
                    "start": "189.80000",
                    "end": "191.62000",
                    "note": ""
                },
                {
                    "id": "SDRW2100000095.1.1.38",
                    "form": "어 맞아 사실 드라마 정주행 하는 거 자체는 많은 부담감이 있잖아 한 시간짜리 영상을 어 적어도 10회 10회 이상 봐야 되는데",
                    "original_form": "어 맞아 사실 드라마 정주행 하는 거 자체는 많은 부담감이 있잖아 한 시간짜리 영상을 어 적어도 열 회 십 회 이상 봐야 되는데",
                    "speaker_id": "SD2100096",
                    "start": "191.82000",
                    "end": "202.00659",
                    "note": ""
                },
                {
                    "id": "SDRW2100000095.1.1.39",
                    "form": "짧은 영상으로 요약해 놓은 거를 보면은 가벼운 마음으로 볼 수 있어서 좋은 거 같아.",
                    "original_form": "짧은 영상으로 요약해 놓은 거를 보면은 가벼운 마음으로 볼 수 있어서 좋은 거 같애.",
                    "speaker_id": "SD2100096",
                    "start": "202.00659",
                    "end": "207.15000",
                    "note": ""
                },
                {
                    "id": "SDRW2100000095.1.1.40",
                    "form": "음 요즘 코로나라 밖에 나가기도 위험하고 집에서 그런 취미 하나 정돈 가지고 있어서 좋은 거 같아.",
                    "original_form": "음 요즘 코로나라 밖에 나가기도 위험하고 집에서 그런 취미 하나 정돈 가지고 있어서 좋은 거 같아.",
                    "speaker_id": "SD2100095",
                    "start": "207.32000",
                    "end": "214.57001",
                    "note": ""
                },
                {
                    "id": "SDRW2100000095.1.1.41",
                    "form": "너는 집에서 핸드폰으로 뭐해?",
                    "original_form": "너는 집에서 핸드폰으로 뭐해?",
                    "speaker_id": "SD2100096",
                    "start": "214.80000",
                    "end": "218.09001",
                    "note": ""
                },
                {
                    "id": "SDRW2100000095.1.1.42",
                    "form": "나는 주로 유튜브도 보기는 하는데 틱톡이라는 플랫폼이 있어서 그걸 많이 보게 되는 거 같아.",
                    "original_form": "나는 주로 유튜브도 보기는 하는데 틱톡이라는 플랫폼이 있어서 그걸 많이 보게 되는 거 같아.",
                    "speaker_id": "SD2100095",
                    "start": "218.49999",
                    "end": "225.48000",
                    "note": ""
                },
                {
                    "id": "SDRW2100000095.1.1.43",
                    "form": "요즘 틱톡에 재밌는 챌린지 같은 거 많이 하던데 최근에 가장 인상 깊게 본 챌린지가 뭐야?",
                    "original_form": "요즘 틱톡에 재밌는 챌린지 같은 거 많이 하던데 최근에 가장 인상 깊게 본 챌린지가 뭐야?",
                    "speaker_id": "SD2100096",
                    "start": "225.95000",
                    "end": "232.93000",
                    "note": ""
                },
                {
                    "id": "SDRW2100000095.1.1.44",
                    "form": "나는 챌린지라기 보다는 그냥",
                    "original_form": "나는 챌린지라기 보다는 그냥",
                    "speaker_id": "SD2100095",
                    "start": "233.22000",
                    "end": "236.47000",
                    "note": ""
                },
                {
                    "id": "SDRW2100000095.1.1.45",
                    "form": "많은 사람들이 거기에서 정보 공유도 하고 생각 공유도 하고 그리고 또 거기서 친구를 만든다하더라고",
                    "original_form": "많은 사람들이 거기에서 정보 공유도 하고 생각 공유도 하고 그리고 또 거기서 친구를 만든다하더라고",
                    "speaker_id": "SD2100095",
                    "start": "236.47000",
                    "end": "244.35902",
                    "note": ""
                },
                {
                    "id": "SDRW2100000095.1.1.46",
                    "form": "그러면 그냥 시간 때우기 용으로 많이 보는 거 같아서",
                    "original_form": "그러면 그냥 시간 때우기 용으로 많이 보는 거 같아서",
                    "speaker_id": "SD2100095",
                    "start": "244.35902",
                    "end": "248.35000",
                    "note": ""
                },
                {
                    "id": "SDRW2100000095.1.1.47",
                    "form": "나는 인상 깊게 본 거라고는 딱히 잘 모르겠어.",
                    "original_form": "나는 인상 깊게 본 거라고는 딱히 잘 모르겠어.",
                    "speaker_id": "SD2100095",
                    "start": "248.35000",
                    "end": "251.45000",
                    "note": ""
                },
                {
                    "id": "SDRW2100000095.1.1.48",
                    "form": "어 그러면 틱톡 말고 인스타그램이나 페이스북을 통해서 뭘 보는 건 없어?",
                    "original_form": "어 그러면 틱톡 말고 인스타그램이나 페이스북을 통해서 뭘 보는 건 없어?",
                    "speaker_id": "SD2100096",
                    "start": "251.80001",
                    "end": "257.85000",
                    "note": ""
                },
                {
                    "id": "SDRW2100000095.1.1.49",
                    "form": "그냥 친구들이 어디 놀러 갔다 하면은 그런 거 보고 나는 딱히 영상이라기보다는 글을 더 많이 보게 되는 거 같아.",
                    "original_form": "그냥 친구들이 어디 놀러 갔다 하면은 그런 거 보고 나는 딱히 영상이라기보다는 글을 더 많이 보게 되는 거 같아.",
                    "speaker_id": "SD2100095",
                    "start": "258.55999",
                    "end": "266.56000",
                    "note": ""
                },
                {
                    "id": "SDRW2100000095.1.1.50",
                    "form": "음 보통 어떤 글을 많이 봐?",
                    "original_form": "음 보통 어떤 글을 많이 봐?",
                    "speaker_id": "SD2100096",
                    "start": "266.63999",
                    "end": "268.88000",
                    "note": ""
                },
                {
                    "id": "SDRW2100000095.1.1.51",
                    "form": "보통 요즘 많이 애들이 여름이라 여행도 가고 그러다 보니까 나도",
                    "original_form": "보통 요즘 많이 애들이 여름이라 여행도 가고 그러다 보니까 나도",
                    "speaker_id": "SD2100095",
                    "start": "269.20001",
                    "end": "275.24899",
                    "note": ""
                },
                {
                    "id": "SDRW2100000095.1.1.52",
                    "form": "보면서 놀러 가고 싶다는 생각이 들긴 하는데 코로나 때문에 위험해서 잘 못 나가겠더라고",
                    "original_form": "보면서 놀러 가고 싶다는 생각이 들긴 하는데 코로나 때문에 위험해서 잘 못 나가겠더라고",
                    "speaker_id": "SD2100095",
                    "start": "275.24899",
                    "end": "282.09899",
                    "note": ""
                },
                {
                    "id": "SDRW2100000095.1.1.53",
                    "form": "여행하니까 내가 엊그제 다녀온 부산 여행이 생각나네.",
                    "original_form": "여행하니까 내가 엊그제 다녀온 부산 여행이 생각나네.",
                    "speaker_id": "SD2100096",
                    "start": "282.47899",
                    "end": "286.87412",
                    "note": ""
                },
                {
                    "id": "SDRW2100000095.1.1.54",
                    "form": "요즘 여름이라 바다나 그런 물에 관련된 곳이 많이 가고 싶었는데",
                    "original_form": "요즘 여름이라 바다나 그런 물에 관련된 곳이 많이 가고 싶었는데",
                    "speaker_id": "SD2100096",
                    "start": "286.87412",
                    "end": "293.68388",
                    "note": ""
                },
                {
                    "id": "SDRW2100000095.1.1.55",
                    "form": "내가 딱 다녀오고 나서 부산이 해수욕장이 폐쇄됐더라고",
                    "original_form": "내가 딱 다녀오고 나서 부산이 해수욕장이 폐쇄됐더라고",
                    "speaker_id": "SD2100096",
                    "start": "293.68388",
                    "end": "298.11899",
                    "note": ""
                },
                {
                    "id": "SDRW2100000095.1.1.56",
                    "form": "헐.",
                    "original_form": "헐.",
                    "speaker_id": "SD2100095",
                    "start": "298.25900",
                    "end": "299.20901",
                    "note": ""
                },
                {
                    "id": "SDRW2100000095.1.1.57",
                    "form": "부산 근데 요즘 사람 되게 많았었잖아.",
                    "original_form": "부산 근데 요즘 사람 되게 많았었잖아.",
                    "speaker_id": "SD2100095",
                    "start": "299.20901",
                    "end": "303.44899",
                    "note": ""
                },
                {
                    "id": "SDRW2100000095.1.1.58",
                    "form": "어 외국인뿐만 아니라 한국인도 진짜 많았고 커플들부터 가족부터 어린아이들부터",
                    "original_form": "어 외국인뿐만 아니라 한국인도 진짜 많았고 커플들부터 가족부터 어린아이들부터",
                    "speaker_id": "SD2100096",
                    "start": "303.61901",
                    "end": "310.57075",
                    "note": ""
                },
                {
                    "id": "SDRW2100000095.1.1.59",
                    "form": "정말 너무 많아 가지고 나는",
                    "original_form": "정말 너무 많아 가지고 나는",
                    "speaker_id": "SD2100096",
                    "start": "310.57075",
                    "end": "312.95647",
                    "note": ""
                },
                {
                    "id": "SDRW2100000095.1.1.60",
                    "form": "코로나가 없는 세상인 줄 알았어.",
                    "original_form": "코로나가 없는 세상인 줄 알았어.",
                    "speaker_id": "SD2100096",
                    "start": "312.95647",
                    "end": "315.83899",
                    "note": ""
                },
                {
                    "id": "SDRW2100000095.1.1.61",
                    "form": "어 그러면은 부산 갔을 때 너 포함해서 몇 명이서 간 거야?",
                    "original_form": "어 그러면은 부산 갔을 때 너 포함해서 몇 명이서 간 거야?",
                    "speaker_id": "SD2100095",
                    "start": "316.03900",
                    "end": "321.21899",
                    "note": ""
                },
                {
                    "id": "SDRW2100000095.1.1.62",
                    "form": "어 나는 딱 3단계 인원에 맞춰서 네 명이서 갔어.",
                    "original_form": "어 나는 딱 삼 단계 인원에 맞춰서 네 명이서 갔어.",
                    "speaker_id": "SD2100096",
                    "start": "321.41900",
                    "end": "325.78899",
                    "note": ""
                },
                {
                    "id": "SDRW2100000095.1.1.63",
                    "form": "그 친구들 대부분 성격이 어때 너랑 잘 맞아?",
                    "original_form": "그 친구들 대부분 성격이 어때 너랑 잘 맞아?",
                    "speaker_id": "SD2100095",
                    "start": "326.16899",
                    "end": "330.44899",
                    "note": ""
                },
                {
                    "id": "SDRW2100000095.1.1.64",
                    "form": "어 대부분 이로 시작하는 엠비티아이를 갖고 있는 걸로 알아.",
                    "original_form": "어 대부분 이로 시작하는 엠비티아이를 갖고 있는 걸로 알아.",
                    "speaker_id": "SD2100096",
                    "start": "330.61900",
                    "end": "335.25901",
                    "note": ""
                },
                {
                    "id": "SDRW2100000095.1.1.65",
                    "form": "그러면은 네 명이서 다 이로 시작하니까는 사운드가 빌 틈이 없겠네.",
                    "original_form": "그러면은 네 명이서 다 이로 시작하니까는 사운드가 빌 틈이 없겠네.",
                    "speaker_id": "SD2100095",
                    "start": "335.75901",
                    "end": "340.87900",
                    "note": ""
                },
                {
                    "id": "SDRW2100000095.1.1.66",
                    "form": "정말 빌 틈이 없어서 한 친구는 귀에서 피가 날 정도라고 하더라고.",
                    "original_form": "정말 빌 틈이 없어서 한 친구는 귀에서 피가 날 정도라고 하더라구.",
                    "speaker_id": "SD2100096",
                    "start": "341.01901",
                    "end": "346.94900",
                    "note": ""
                },
                {
                    "id": "SDRW2100000095.1.1.67",
                    "form": "그래도 그렇게 넷이 마음 맞으면서 잘 노니까는 참 보기가 좋다.",
                    "original_form": "그래도 그렇게 넷이 마음 맞으면서 잘 노니까는 참 보기가 좋다.",
                    "speaker_id": "SD2100095",
                    "start": "347.26901",
                    "end": "352.35900",
                    "note": ""
                },
                {
                    "id": "SDRW2100000095.1.1.68",
                    "form": "어 최근에 만날 일이 많이 없었는데 이런 기회를 통해서 만나서 굉장히 좋았어.",
                    "original_form": "어 최근에 만날 일이 많이 없었는데 이런 기회를 통해서 만나서 굉장히 좋았어.",
                    "speaker_id": "SD2100096",
                    "start": "352.91899",
                    "end": "360.55900",
                    "note": ""
                },
                {
                    "id": "SDRW2100000095.1.1.69",
                    "form": "그러면 너 포함해서 네 명 같이 다니는 그",
                    "original_form": "그러면 너 포함해서 네 명 같이 다니는 그",
                    "speaker_id": "SD2100095",
                    "start": "361.02900",
                    "end": "365.61957",
                    "note": ""
                },
                {
                    "id": "SDRW2100000095.1.1.70",
                    "form": "조합은",
                    "original_form": "조합은",
                    "speaker_id": "SD2100095",
                    "start": "365.61957",
                    "end": "367.05380",
                    "note": ""
                },
                {
                    "id": "SDRW2100000095.1.1.71",
                    "form": "언제부터 시작된 거야?",
                    "original_form": "언제부터 시작된 거야?",
                    "speaker_id": "SD2100095",
                    "start": "367.05380",
                    "end": "369.28900",
                    "note": ""
                },
                {
                    "id": "SDRW2100000095.1.1.72",
                    "form": "한 명은 초등학교 때부터 한 명은 세 명은 중학교 때부터여서 최종적으로 네 명이 모이게 된 건 중학교야.",
                    "original_form": "한 명은 초등학교 때부터 한 명은 세 명은 중학교 때부터여서 최종적으로 네 명이 모이게 된 건 중학교야.",
                    "speaker_id": "SD2100096",
                    "start": "369.33901",
                    "end": "377.63900",
                    "note": ""
                },
                {
                    "id": "SDRW2100000095.1.1.73",
                    "form": "그러면 중학교 때부터 지금까지 참 시간도 많이 지났는데 가장 기억에 남았던 일화나 추억 같은 거는 없어?",
                    "original_form": "그러면 중학교 때부터 지금까지 참 시간도 많이 지났는데 가장 기억에 남았던 일화나 추억 같은 거는 없어?",
                    "speaker_id": "SD2100095",
                    "start": "378.01900",
                    "end": "387.00901",
                    "note": ""
                },
                {
                    "id": "SDRW2100000095.1.1.74",
                    "form": "아무래도 중학교 때 같은 반이었고 또 추억에 가장 많았기 때문에 만나기만하면 중학교 때 이야기를 하는 거 같아.",
                    "original_form": "아무래도 중학교 때 같은 반이었고 또 추억에 가장 많았기 때문에 만나기만하면 중학교 때 이야기를 하는 거 같애.",
                    "speaker_id": "SD2100096",
                    "start": "387.26899",
                    "end": "395.65900",
                    "note": ""
                },
                {
                    "id": "SDRW2100000095.1.1.75",
                    "form": "그냥 가끔씩 종종 추억팔이를 하는구나.",
                    "original_form": "그냥 가끔씩 종종 추억팔이를 하는구나.",
                    "speaker_id": "SD2100095",
                    "start": "396.63901",
                    "end": "399.59900",
                    "note": ""
                },
                {
                    "id": "SDRW2100000095.1.1.76",
                    "form": "종종이 아니라 매일 만나면 중학교 얘기가 안 빠지더라고.",
                    "original_form": "종종이 아니라 매일 만나면 중학교 얘기가 안 빠지더라고.",
                    "speaker_id": "SD2100096",
                    "start": "399.70901",
                    "end": "403.98901",
                    "note": ""
                },
                {
                    "id": "SDRW2100000095.1.1.77",
                    "form": "중학교 때 그러면 가장 너는 재밌었 재밌게 놀았던 거네?",
                    "original_form": "중학교 때 그러면 가장 너는 재밌었 재밌게 놀았던 거네?",
                    "speaker_id": "SD2100095",
                    "start": "404.69900",
                    "end": "408.85900",
                    "note": ""
                },
                {
                    "id": "SDRW2100000095.1.1.78",
                    "form": "맞아 사실 고등학교나 대학교는 전국 각지에서 오거나 좀 동네가 먼 친구들이 많은데 중학교 때까지는 집에 있는",
                    "original_form": "맞아 사실 고등학교나 대학교는 전국 각지에서 오거나 쫌 동네가 먼 친구들이 많은데 중학교 때까지는 집에 있는",
                    "speaker_id": "SD2100096",
                    "start": "409.29900",
                    "end": "419.87901",
                    "note": ""
                },
                {
                    "id": "SDRW2100000095.1.1.79",
                    "form": "집 근처에 사는 아이들이 많기 때문에 아무래도 집에 가서 자주 놀기도 했었고 그렇기 때문에 추억이 굉장히 많았던 거 같아.",
                    "original_form": "집 근처에 사는 아이들이 많기 때문에 아무래도 집에 가서 자주 놀기도 했었고 그렇기 때문에 추억이 굉장히 많았던 거 같애.",
                    "speaker_id": "SD2100096",
                    "start": "419.87901",
                    "end": "428.55900",
                    "note": ""
                },
                {
                    "id": "SDRW2100000095.1.1.80",
                    "form": "중학교 때부터 지금까지 우정을 쭉",
                    "original_form": "중학교 때부터 지금까지 우정을 쭉",
                    "speaker_id": "SD2100095",
                    "start": "429.32899",
                    "end": "432.46899",
                    "note": ""
                },
                {
                    "id": "SDRW2100000095.1.1.81",
                    "form": "지켜왔다는 게 난 참 멋있고 대단하다고 느껴.",
                    "original_form": "지켜왔다는 게 난 참 멋있고 대단하다고 느껴.",
                    "speaker_id": "SD2100095",
                    "start": "432.46899",
                    "end": "436.16900",
                    "note": ""
                },
                {
                    "id": "SDRW2100000095.1.1.82",
                    "form": "너는 중학교 때나 어렸을 때부터 친한 친구가 없었니?",
                    "original_form": "너는 중학교 때나 어렸을 때부터 친한 친구가 없었니?",
                    "speaker_id": "SD2100096",
                    "start": "436.63900",
                    "end": "441.06899",
                    "note": ""
                },
                {
                    "id": "SDRW2100000095.1.1.83",
                    "form": "응 없어.",
                    "original_form": "응 없어.",
                    "speaker_id": "SD2100095",
                    "start": "441.17900",
                    "end": "442.30900",
                    "note": ""
                },
                {
                    "id": "SDRW2100000095.1.1.84",
                    "form": "아 그렇구나 그럼 나와 중학교 때부터 같은 중학교였으니까",
                    "original_form": "아 그렇구나 그럼 나와 중학교 때부터 같은 중학교였으니까",
                    "speaker_id": "SD2100096",
                    "start": "442.50901",
                    "end": "447.32059",
                    "note": ""
                },
                {
                    "id": "SDRW2100000095.1.1.85",
                    "form": "이번 여름이나 다음 여름에 바닷가 한 번 놀러 가자.",
                    "original_form": "이번 여름이나 다음 여름에 바닷가 한 번 놀러 가자.",
                    "speaker_id": "SD2100096",
                    "start": "447.32059",
                    "end": "451.85901",
                    "note": "발화겹침"
                },
                {
                    "id": "SDRW2100000095.1.1.86",
                    "form": "진짜 너무 좋아 꼭이야.",
                    "original_form": "진짜 너무 좋아 꼭이야.",
                    "speaker_id": "SD2100095",
                    "start": "451.81901",
                    "end": "453.74900",
                    "note": "발화겹침"
                },
                {
                    "id": "SDRW2100000095.1.1.87",
                    "form": "알았어.",
                    "original_form": "알았어.",
                    "speaker_id": "SD2100095",
                    "start": "453.74900",
                    "end": "456.72900",
                    "note": ""
                },
                {
                    "id": "SDRW2100000095.1.1.88",
                    "form": "나랑 꼭 놀러 가줘.",
                    "original_form": "나랑 꼭 놀러 가줘.",
                    "speaker_id": "SD2100096",
                    "start": "454.16901",
                    "end": "455.76901",
                    "note": "발화겹침"
                },
                {
                    "id": "SDRW2100000095.1.1.89",
                    "form": "진짜 꼭 가야 돼.",
                    "original_form": "진짜 꼭 가야 돼.",
                    "speaker_id": "SD2100095",
                    "start": "456.72900",
                    "end": "458.35900",
                    "note": ""
                },
                {
                    "id": "SDRW2100000095.1.1.90",
                    "form": "어 그러면 너는 최근의 가족이나",
                    "original_form": "어 그러면 너는 최근의 가족이나",
                    "speaker_id": "SD2100096",
                    "start": "458.58901",
                    "end": "462.44899",
                    "note": ""
                },
                {
                    "id": "SDRW2100000095.1.1.91",
                    "form": "아니면은 동생들이랑 같이 여행갔던 경험은 없어?",
                    "original_form": "아니면은 동생들이랑 같이 여행갔던 경험은 없어?",
                    "speaker_id": "SD2100096",
                    "start": "462.44899",
                    "end": "467.22899",
                    "note": ""
                },
                {
                    "id": "SDRW2100000095.1.1.92",
                    "form": "나는 가려고 계획은 했었는데 자꾸 계획할 때마다 약속이 취소되고 미뤄지니까 못 갔던 거 같아 그래서 지금 어디라도 가고 싶은데 어디를 가야 될지 모르겠어.",
                    "original_form": "나는 가려고 계획은 했었는데 자꾸 계획할 때마다 약속이 취소되고 미뤄지니까 못 갔던 거 같아 그래서 지금 어디라도 가고 싶은데 어디를 가야 될지 모르겠어.",
                    "speaker_id": "SD2100095",
                    "start": "467.57899",
                    "end": "480.34901",
                    "note": ""
                },
                {
                    "id": "SDRW2100000095.1.1.93",
                    "form": "사실",
                    "original_form": "사실",
                    "speaker_id": "SD2100096",
                    "start": "480.93900",
                    "end": "482.18186",
                    "note": ""
                },
                {
                    "id": "SDRW2100000095.1.1.94",
                    "form": "아이로 시작하는 엠비티아이는 약속이 취소되면 매우 신난다고 하던데 그게 사실이야?",
                    "original_form": "아이로 시작하는 엠비티아이는 약속이 취소되면 매우 신난다고 하던데 그게 사실이야?",
                    "speaker_id": "SD2100096",
                    "start": "482.18186",
                    "end": "487.86901",
                    "note": ""
                },
                {
                    "id": "SDRW2100000095.1.1.95",
                    "form": "맞아 오늘도 약간 취소되기를 조금 바랐어.",
                    "original_form": "맞아 오늘도 약간 취소되기를 쪼끔 바랬어.",
                    "speaker_id": "SD2100095",
                    "start": "488.03900",
                    "end": "491.89901",
                    "note": ""
                },
                {
                    "id": "SDRW2100000095.1.1.96",
                    "form": "너는 참 집에 있는 걸 엄청 좋아하는구나.",
                    "original_form": "너는 참 집에 있는 걸 엄청 좋아하는구나.",
                    "speaker_id": "SD2100096",
                    "start": "492.03899",
                    "end": "497.32900",
                    "note": "발화겹침"
                },
                {
                    "id": "SDRW2100000095.1.1.97",
                    "form": "나는 사랑하지 침대랑 있을 때 더 사랑하지 아주",
                    "original_form": "나는 사랑하지 침대랑 있을 때 더 사랑하지 아주",
                    "speaker_id": "SD2100095",
                    "start": "497.22899",
                    "end": "501.01900",
                    "note": "발화겹침"
                },
                {
                    "id": "SDRW2100000095.1.1.98",
                    "form": "오히려 침대에 있을 때 밖에 있을 때보다 더 활발하게 노는 거야?",
                    "original_form": "오히려 침대에 있을 때 밖에 있을 때보다 더 활발하게 노는 거야?",
                    "speaker_id": "SD2100096",
                    "start": "501.81899",
                    "end": "506.12901",
                    "note": ""
                },
                {
                    "id": "SDRW2100000095.1.1.99",
                    "form": "그것도 있는데 나는 약간 최소한의 움직임으로 살아 가는 거를 좋아해.",
                    "original_form": "그것도 있는데 나는 약간 최소한의 움직임으로 살아 가는 거를 좋아해.",
                    "speaker_id": "SD2100095",
                    "start": "506.74901",
                    "end": "512.43900",
                    "note": ""
                },
                {
                    "id": "SDRW2100000095.1.1.100",
                    "form": "음 사실 나도 집에 있을 때는 최소한의 움직임으로 살아가긴 해.",
                    "original_form": "음 사실 나도 집에 있을 때는 최소한의 움직임으로 살아가긴 해.",
                    "speaker_id": "SD2100096",
                    "start": "512.78901",
                    "end": "517.84900",
                    "note": ""
                },
                {
                    "id": "SDRW2100000095.1.1.101",
                    "form": "근데 또 집에 있으면 좋은 게",
                    "original_form": "근데 또 집에 있으면 좋은 게",
                    "speaker_id": "SD2100095",
                    "start": "517.87900",
                    "end": "520.67901",
                    "note": ""
                },
                {
                    "id": "SDRW2100000095.1.1.102",
                    "form": "약속을 안 나가니깐 금전적으로도 돈이 덜 들고 그리고 밖에 나가면은 살이 타는데 살 탈 이유가 없어.",
                    "original_form": "약속을 안 나가니깐 금전적으로도 돈이 덜 들고 그리고 밖에 나가면은 살이 타는데 살 탈 이유가 없어.",
                    "speaker_id": "SD2100095",
                    "start": "520.67901",
                    "end": "529.83898",
                    "note": ""
                },
                {
                    "id": "SDRW2100000095.1.1.103",
                    "form": "맞아 여행을 한 번 다녀오면 정말 돈이 많이 깨지는 거 같아.",
                    "original_form": "맞아 여행을 한 번 다녀오면 정말 돈이 많이 깨지는 거 같애.",
                    "speaker_id": "SD2100096",
                    "start": "530.15898",
                    "end": "534.94899",
                    "note": ""
                },
                {
                    "id": "SDRW2100000095.1.1.104",
                    "form": "나도 최근에 여행을 이번 부산 여행 합쳐서 세 번 정도 다녀왔는데",
                    "original_form": "나도 최근에 여행을 이번 부산 여행 합쳐서 세 번 정도 다녀왔는데",
                    "speaker_id": "SD2100096",
                    "start": "534.94899",
                    "end": "540.48296",
                    "note": ""
                },
                {
                    "id": "SDRW2100000095.1.1.105",
                    "form": "정말 돈이 너무 많이 깨져서 이제 아껴 살아야 되겠다고 생각했어.",
                    "original_form": "정말 돈이 너무 많이 깨져서 이제 아껴 살아야 되겠다고 생각했어.",
                    "speaker_id": "SD2100096",
                    "start": "540.48296",
                    "end": "545.49902",
                    "note": ""
                },
                {
                    "id": "SDRW2100000095.1.1.106",
                    "form": "여행 한 번 하는 것도 돈 지출이 큰데 세 번씩이나 했더니 진짜 대단하다 너.",
                    "original_form": "여행 한 번 하는 것도 돈 지출이 큰데 세 번씩이나 했더니 진짜 대단하다 너.",
                    "speaker_id": "SD2100095",
                    "start": "545.96899",
                    "end": "552.19900",
                    "note": ""
                },
                {
                    "id": "SDRW2100000095.1.1.107",
                    "form": "사실 최근에 용돈을 안 받기 시작해서 굉장히 이제부터 아껴야 되겠다고 생각했어.",
                    "original_form": "사실 최근에 용돈을 안 받기 시작해서 굉장히 이제부터 아껴야 되겠다고 생각했어.",
                    "speaker_id": "SD2100096",
                    "start": "552.69900",
                    "end": "559.01897",
                    "note": ""
                },
                {
                    "id": "SDRW2100000095.1.1.108",
                    "form": "아끼려면은 어떻게 아껴야 돼?",
                    "original_form": "아낄려면은 어떻게 아껴야 돼?",
                    "speaker_id": "SD2100095",
                    "start": "559.84899",
                    "end": "562.68898",
                    "note": ""
                },
                {
                    "id": "SDRW2100000095.1.1.109",
                    "form": "근데 아낄 생각보다 너와 놀러 갈 생각이 더 많이 드는 거 같아.",
                    "original_form": "근데 아낄 생각보다 너와 놀러 갈 생각이 더 많이 드는 거 같애.",
                    "speaker_id": "SD2100096",
                    "start": "563.00898",
                    "end": "568.29902",
                    "note": "발화겹침"
                },
                {
                    "id": "SDRW2100000095.1.1.110",
                    "form": "나도 근데 너랑 노는 거는 재밌어서 빨리 놀러 가고 싶다.",
                    "original_form": "나도 근데 너랑 노는 거는 재밌어서 빨리 놀러 가고 싶다.",
                    "speaker_id": "SD2100095",
                    "start": "567.83900",
                    "end": "572.46901",
                    "note": "발화겹침"
                },
                {
                    "id": "SDRW2100000095.1.1.111",
                    "form": "어 사실 나는 물소리를 되게 좋아해서 계곡이나 워터파크 아니면은 바다 이런 데를 좋아하는데",
                    "original_form": "어 사실 나는 물소리를 되게 좋아해서 계곡이나 워터파크 아니면은 바다 이런 데를 좋아하는데",
                    "speaker_id": "SD2100096",
                    "start": "572.96901",
                    "end": "581.92899",
                    "note": ""
                },
                {
                    "id": "SDRW2100000095.1.1.112",
                    "form": "이번에 처음으로 바다수영을 해 봤는데 생각보다 재밌더라고 그래서 너와 한 번 더 바다 수영을 하러 가고 싶어.",
                    "original_form": "이번에 처음으로 바다수영을 해 봤는데 생각보다 재밌더라고 그래서 너와 한 번 더 바다 수영을 하러 가고 싶어.",
                    "speaker_id": "SD2100096",
                    "start": "581.92899",
                    "end": "589.82898",
                    "note": ""
                },
                {
                    "id": "SDRW2100000095.1.1.113",
                    "form": "나도 물을 좋아해 원래 물 물이라 하면은 뭐 한강도 좋고 바다나",
                    "original_form": "나도 물을 좋아해 원래 물 물이라 하면은 뭐 한강도 좋고 바다나",
                    "speaker_id": "SD2100095",
                    "start": "590.11902",
                    "end": "596.88485",
                    "note": ""
                },
                {
                    "id": "SDRW2100000095.1.1.114",
                    "form": "그런 연못 그냥 물이 있는 곳이면 난 다 좋은데 바다 수영 하면 되게 재밌잖아 재밌고 시간도 금방 가고",
                    "original_form": "그런 연못 그냥 물이 있는 곳이면 난 다 좋은데 바다 수영 하면 되게 재밌잖아 재밌고 시간도 금방 가고",
                    "speaker_id": "SD2100095",
                    "start": "596.88485",
                    "end": "605.14339",
                    "note": ""
                },
                {
                    "id": "SDRW2100000095.1.1.115",
                    "form": "그래 꼭 가자.",
                    "original_form": "그래 꼭 가자.",
                    "speaker_id": "SD2100095",
                    "start": "605.14339",
                    "end": "606.47902",
                    "note": ""
                },
                {
                    "id": "SDRW2100000095.1.1.116",
                    "form": "그래 요즘 유행하는 물 보면서 멍때리기 라는 물멍이 유행인데 진짜 그것도 좋고",
                    "original_form": "그래 요즘 유행하는 물 보면서 멍때리기 라는 물멍이 유행인데 진짜 그것도 좋고",
                    "speaker_id": "SD2100096",
                    "start": "606.79902",
                    "end": "614.52903",
                    "note": ""
                },
                {
                    "id": "SDRW2100000095.1.1.117",
                    "form": "부산에서 성수대교 보면서 이렇게 바다 소리랑 그 다음에",
                    "original_form": "부산에서 성수대교 보면서 이케 바다 소리랑 그 다음에",
                    "speaker_id": "SD2100096",
                    "start": "614.52903",
                    "end": "619.51898",
                    "note": ""
                },
                {
                    "id": "SDRW2100000095.1.1.118",
                    "form": "애기들이 웃는 소리 이런 소리를 듣다 보니까 마음이 진짜 평화로워지더라고.",
                    "original_form": "애기들이 웃는 소리 이런 소리를 듣다 보니까 마음이 진짜 평화로워지더라고.",
                    "speaker_id": "SD2100096",
                    "start": "619.51898",
                    "end": "625.34902",
                    "note": ""
                },
                {
                    "id": "SDRW2100000095.1.1.119",
                    "form": "부산이라고 말하니까 생각난건데 그러면 해운대도 갔겠네?",
                    "original_form": "부산이라고 말하니까 생각난건데 그러면 해운대도 갔겠네?",
                    "speaker_id": "SD2100095",
                    "start": "625.75900",
                    "end": "630.63903",
                    "note": ""
                },
                {
                    "id": "SDRW2100000095.1.1.120",
                    "form": "어 해운대는 근데 아쉽게 이튿날 가서 바다 수영은 못 하고 발만 담그고 나왔어.",
                    "original_form": "어 해운대는 근데 아쉽게 이튿날 가서 바다 수영은 못 하고 발만 담그고 나왔어.",
                    "speaker_id": "SD2100096",
                    "start": "630.68901",
                    "end": "636.88899",
                    "note": ""
                },
                {
                    "id": "SDRW2100000095.1.1.121",
                    "form": "해운대도 바다 수영을 할 수 있어?",
                    "original_form": "해운대도 바다 수영을 할 수 있어?",
                    "speaker_id": "SD2100095",
                    "start": "637.47902",
                    "end": "639.65897",
                    "note": ""
                },
                {
                    "id": "SDRW2100000095.1.1.122",
                    "form": "해운대에 사람이 더 많았던 거 같아.",
                    "original_form": "해운대에 사람이 더 많았던 거 같애.",
                    "speaker_id": "SD2100096",
                    "start": "640.12900",
                    "end": "642.57898",
                    "note": ""
                },
                {
                    "id": "SDRW2100000095.1.1.123",
                    "form": "아 하긴 해운대로 사람들이 많이 몰리니까 그랬을 수도 있겠다.",
                    "original_form": "아 하긴 해운대로 사람들이 많이 몰리니까 그랬을 수도 있겠다.",
                    "speaker_id": "SD2100095",
                    "start": "642.74902",
                    "end": "647.98898",
                    "note": ""
                },
                {
                    "id": "SDRW2100000095.1.1.124",
                    "form": "해운대에 비가 와 가지고 파도가 좀 더 세서",
                    "original_form": "해운대에 비가 와 가지고 파도가 좀 더 세서",
                    "speaker_id": "SD2100096",
                    "start": "648.39901",
                    "end": "652.37902",
                    "note": ""
                },
                {
                    "id": "SDRW2100000095.1.1.125",
                    "form": "사람들이 더 재밌게 놀아서 우리가 좀 아쉬웠던 기억이 있어.",
                    "original_form": "사람들이 더 재밌게 놀아서 우리가 쫌 아쉬웠던 기억이 있어.",
                    "speaker_id": "SD2100096",
                    "start": "652.37902",
                    "end": "656.43898",
                    "note": ""
                },
                {
                    "id": "SDRW2100000095.1.1.126",
                    "form": "어 그래도 뷰가 이쁘잖아 해운대가",
                    "original_form": "어 그래도 뷰가 이쁘잖아 해운대가",
                    "speaker_id": "SD2100095",
                    "start": "657.41902",
                    "end": "660.40897",
                    "note": ""
                },
                {
                    "id": "SDRW2100000095.1.1.127",
                    "form": "맞아 뷰도 예쁘고 사람도 많고 아무래도 인프라가 좀 더 괜찮았던 거 같아.",
                    "original_form": "맞아 뷰도 예쁘고 사람도 많고 아무래도 인프라가 좀 더 괜찮았던 거 같애.",
                    "speaker_id": "SD2100096",
                    "start": "661.02903",
                    "end": "666.95898",
                    "note": ""
                },
                {
                    "id": "SDRW2100000095.1.1.128",
                    "form": "나도 다음에 그렇게 친구들 모아서 놀러 봐 놀러 가 보고 싶다.",
                    "original_form": "나도 다음에 그렇게 친구들 모아서 놀러 봐 놀러 가 보고 싶다.",
                    "speaker_id": "SD2100095",
                    "start": "667.66901",
                    "end": "672.12899",
                    "note": ""
                },
                {
                    "id": "SDRW2100000095.1.1.129",
                    "form": "너도?",
                    "original_form": "너도?",
                    "speaker_id": "SD2100095",
                    "start": "674.30898",
                    "end": "675.01897",
                    "note": ""
                },
                {
                    "id": "SDRW2100000095.1.1.130",
                    "form": "어 나도 너는 근데 부산 가서 뷰가 예쁜 호텔에서 안 나올 거 같은 느낌이야.",
                    "original_form": "어 나도 너는 근데 부산 가서 뷰가 예쁜 호텔에서 안 나올 거 같은 느낌이야.",
                    "speaker_id": "SD2100096",
                    "start": "675.54900",
                    "end": "681.73900",
                    "note": "발화겹침"
                },
                {
                    "id": "SDRW2100000095.1.1.131",
                    "form": "아니야 난 그래도 바다를 좋아하니까 바다 보러 나가진 않을까?",
                    "original_form": "아니야 난 그래도 바다를 좋아하니까 바다 보러 나가진 않을까?",
                    "speaker_id": "SD2100095",
                    "start": "681.72899",
                    "end": "686.95897",
                    "note": "발화겹침"
                },
                {
                    "id": "SDRW2100000095.1.1.132",
                    "form": "맞아 맞아.",
                    "original_form": "맞아 맞아.",
                    "speaker_id": "SD2100096",
                    "start": "686.28899",
                    "end": "688.84899",
                    "note": "발화겹침"
                },
                {
                    "id": "SDRW2100000095.1.1.133",
                    "form": "부산 나도 진짜 가 보고 싶다 거기에서 예전에 친구들이랑 밀면을 먹었었는데 너무 맛있더라고",
                    "original_form": "부산 나도 진짜 가 보고 싶다 거기에서 예전에 친구들이랑 밀면을 먹었었는데 너무 맛있더라고",
                    "speaker_id": "SD2100095",
                    "start": "690.00902",
                    "end": "697.91902",
                    "note": ""
                },
                {
                    "id": "SDRW2100000095.1.1.134",
                    "form": "어 나는 밀면이 오래된 밀면이었는지 모르지만 정말 면이 익지도 않고 그래서 좀.",
                    "original_form": "어 나는 밀면이 오래된 밀면이었는지 모르지만 정말 면이 익지도 않고 그래서 쫌.",
                    "speaker_id": "SD2100096",
                    "start": "698.38899",
                    "end": "706.17899",
                    "note": ""
                },
                {
                    "id": "SDRW2100000095.1.1.135",
                    "form": "맛없게 먹었던 기억이 있어.",
                    "original_form": "맛없게 먹었던 기억이 있어.",
                    "speaker_id": "SD2100096",
                    "start": "706.17899",
                    "end": "708.25897",
                    "note": ""
                },
                {
                    "id": "SDRW2100000095.1.1.136",
                    "form": "아 나는 내 친구가 부산에 살아서",
                    "original_form": "아 나는 내 친구가 부산에 살아서",
                    "speaker_id": "SD2100095",
                    "start": "708.36902",
                    "end": "712.46778",
                    "note": ""
                },
                {
                    "id": "SDRW2100000095.1.1.137",
                    "form": "부산에 사는 친구가 알려준 맛집으로 갔는데",
                    "original_form": "부산에 사는 친구가 알려준 맛집으로 갔는데",
                    "speaker_id": "SD2100095",
                    "start": "712.46778",
                    "end": "716.75680",
                    "note": ""
                },
                {
                    "id": "SDRW2100000095.1.1.138",
                    "form": "정말 밀면이 맛있고 또 친구가 털털 해 가지고 친구가 여행 가이드를 해 주면서 난 참 좋았었던 거 같아.",
                    "original_form": "정말 밀면이 맛있고 또 친구가 털털 해 가주구 친구가 여행 가이드를 해 주면서 난 참 좋았었던 거 같애.",
                    "speaker_id": "SD2100095",
                    "start": "716.75680",
                    "end": "724.57899",
                    "note": ""
                },
                {
                    "id": "SDRW2100000095.1.1.139",
                    "form": "그러면 다른 지역에 사는 친구들 한 명씩 있는 게 굉장히",
                    "original_form": "그러면 다른 지역에 사는 친구들 한 명씩 있는 게 굉장히",
                    "speaker_id": "SD2100096",
                    "start": "724.65901",
                    "end": "730.62423",
                    "note": ""
                },
                {
                    "id": "SDRW2100000095.1.1.140",
                    "form": "도움이 많이 되는 거 같더라고",
                    "original_form": "도움이 많이 되는 거 같더라고",
                    "speaker_id": "SD2100096",
                    "start": "730.62423",
                    "end": "733.32898",
                    "note": ""
                },
                {
                    "id": "SDRW2100000095.1.1.141",
                    "form": "맞아 서울 친구들뿐만 아니라 다른 지역에 살고 있는 친구들이랑 각자 지역 이야기 할 때 그때가 되게 시간이 많이 금방 빨리 가고 재밌더라.",
                    "original_form": "맞아 서울 친구들뿐만 아니라 다른 지역에 살고 있는 친구들이랑 각자 지역 이야기 할 때 그때가 되게 시간이 많이 금방 빨리 가고 재밌더라.",
                    "speaker_id": "SD2100095",
                    "start": "733.70898",
                    "end": "744.10897",
                    "note": ""
                },
                {
                    "id": "SDRW2100000095.1.1.142",
                    "form": "그래서 다음에 그 지역으로 놀러 갔을 때 더 도움이 되고 그 다음에 실질적으로 갈 수 있는 맛집들이 많아서 되게 좋았던 거 같아.",
                    "original_form": "그래서 다음에 그 지역으로 놀러 갔을 때 더 도움이 되고 그 다음에 실질적으로 갈 수 있는 맛집들이 많아서 되게 좋았던 거 같애.",
                    "speaker_id": "SD2100096",
                    "start": "745.41897",
                    "end": "754.43901",
                    "note": ""
                },
                {
                    "id": "SDRW2100000095.1.1.143",
                    "form": "맞아 너도 이제 대학교를 다니다 보니까 다른 지역에 있는 친구들을 만나면은",
                    "original_form": "맞아 너도 이제 대학교를 다니다 보니까 다른 지역에 있는 친구들을 만나면은",
                    "speaker_id": "SD2100095",
                    "start": "754.72899",
                    "end": "760.96108",
                    "note": ""
                },
                {
                    "id": "SDRW2100000095.1.1.144",
                    "form": "기분이 어때?",
                    "original_form": "기분이 어때?",
                    "speaker_id": "SD2100095",
                    "start": "760.96108",
                    "end": "762.34897",
                    "note": ""
                },
                {
                    "id": "SDRW2100000095.1.1.145",
                    "form": "어 좀 낯선 경향이 처음에는 있었는데",
                    "original_form": "어 쫌 낯선 경향이 처음에는 있었는데",
                    "speaker_id": "SD2100096",
                    "start": "762.78898",
                    "end": "766.85901",
                    "note": ""
                },
                {
                    "id": "SDRW2100000095.1.1.146",
                    "form": "다른 지역 이야기가 사실은 처음에는 좀 공감이 안 돼서 어색했지만",
                    "original_form": "다른 지역 이야기가 사실은 처음에는 쫌 공감이 안 돼서 어색했지만",
                    "speaker_id": "SD2100096",
                    "start": "766.85901",
                    "end": "772.25656",
                    "note": ""
                },
                {
                    "id": "SDRW2100000095.1.1.147",
                    "form": "요즘에는 더 궁금해지고 가 보고 싶고 그러더라고.",
                    "original_form": "요즘에는 더 궁금해지고 가 보고 싶고 그러더라고.",
                    "speaker_id": "SD2100096",
                    "start": "772.25656",
                    "end": "776.53899",
                    "note": ""
                },
                {
                    "id": "SDRW2100000095.1.1.148",
                    "form": "근데 지역마다 친구들의 성향이 다 다르다고 느껴진 적은 없어?",
                    "original_form": "근데 지역마다 친구들의 성향이 다 다르다고 느껴진 적은 없어?",
                    "speaker_id": "SD2100095",
                    "start": "777.06902",
                    "end": "781.85902",
                    "note": ""
                },
                {
                    "id": "SDRW2100000095.1.1.149",
                    "form": "어 성향보다는",
                    "original_form": "어 성향보다는",
                    "speaker_id": "SD2100096",
                    "start": "782.11897",
                    "end": "783.84897",
                    "note": ""
                },
                {
                    "id": "SDRW2100000095.1.1.150",
                    "form": "그 데덴찌라는 놀이 문화가 있잖아 그 말이 지역마다 다 다른 게 너무 신기했어.",
                    "original_form": "그 데덴찌라는 놀이 문화가 있잖아 그 말이 지역마다 다 다른 게 너무 신기했어.",
                    "speaker_id": "SD2100096",
                    "start": "783.84897",
                    "end": "789.85901",
                    "note": ""
                },
                {
                    "id": "SDRW2100000095.1.1.151",
                    "form": "아 나는 데덴찌도 있는데 나는",
                    "original_form": "아 나는 데덴찌도 있는데 나는",
                    "speaker_id": "SD2100095",
                    "start": "790.20898",
                    "end": "794.45901",
                    "note": ""
                },
                {
                    "id": "SDRW2100000095.1.1.152",
                    "form": "각 지역마다 다 다른 곳을 에서 출생 했으니까는 아무래도 사투리가 인상 깊더라",
                    "original_form": "각 지역마다 다 다른 곳을 에서 출생 했으니까는 아무래도 사투리가 인상 깊더라",
                    "speaker_id": "SD2100095",
                    "start": "794.45901",
                    "end": "800.37902",
                    "note": ""
                },
                {
                    "id": "SDRW2100000095.1.1.153",
                    "form": "아 맞아 근데 본인들은 사투리를 쓰지 않는다고 생각하는 게 너무 웃겼어.",
                    "original_form": "아 맞아 근데 본인들은 사투리를 쓰지 않는다고 생각하는 게 너무 웃겼어.",
                    "speaker_id": "SD2100096",
                    "start": "800.99901",
                    "end": "805.66902",
                    "note": ""
                },
                {
                    "id": "SDRW2100000095.1.1.154",
                    "form": "나는 서울 사람인데 부산이나",
                    "original_form": "나는 서울 사람인데 부산이나",
                    "speaker_id": "SD2100095",
                    "start": "806.04902",
                    "end": "809.33903",
                    "note": ""
                },
                {
                    "id": "SDRW2100000095.1.1.155",
                    "form": "어 거제 친구들의 사투리를 들어보면 나도 어느 순간 사투리를 쓰고 있더라고 금방 전염되는 거 같아.",
                    "original_form": "어 거제 친구들의 사투리를 들어보면 나도 어느 순간 사투리를 쓰고 있더라고 금방 전염되는 거 같아.",
                    "speaker_id": "SD2100095",
                    "start": "809.33903",
                    "end": "817.62903",
                    "note": ""
                },
                {
                    "id": "SDRW2100000095.1.1.156",
                    "form": "맞아 재미삼아 몇 번 따라해 봤더니 금방",
                    "original_form": "맞아 재미삼아 몇 번 따라해 봤더니 금방",
                    "speaker_id": "SD2100096",
                    "start": "817.94897",
                    "end": "822.07900",
                    "note": ""
                },
                {
                    "id": "SDRW2100000095.1.1.157",
                    "form": "내 입에 적응되서 나도 몇 번 따라했던 경험이 있어.",
                    "original_form": "내 입에 적응되서 나도 몇 번 따라했던 경험이 있어.",
                    "speaker_id": "SD2100096",
                    "start": "822.07900",
                    "end": "826.25902",
                    "note": ""
                },
                {
                    "id": "SDRW2100000095.1.1.158",
                    "form": "근데 서울사람들이 사투리를 쓰면 되게 이상하다고 느껴지잖아 근데 약간 사투리 쓰는 친구들이 서울말 쓰면 이상하다고 느껴지듯이",
                    "original_form": "근데 서울사람들이 사투리를 쓰면 되게 이상하다고 느껴지잖아 근데 약간 사투리 쓰는 친구들이 서울말 쓰면 이상하다고 느껴지듯이",
                    "speaker_id": "SD2100095",
                    "start": "826.57903",
                    "end": "835.78876",
                    "note": ""
                },
                {
                    "id": "SDRW2100000095.1.1.159",
                    "form": "그래서 나는 못 쓰겠더라 잘",
                    "original_form": "그래서 나는 못 쓰겠더라 잘",
                    "speaker_id": "SD2100095",
                    "start": "835.78876",
                    "end": "837.88901",
                    "note": ""
                },
                {
                    "id": "SDRW2100000095.1.1.160",
                    "form": "어 맞아 친구가 블루베리 스무디 주세요를 어색하게 말하는 거 보고 빵터",
                    "original_form": "어 맞아 친구가 블루베리 스무디 주세요를 어색하게 말하는 거 보고 -빵터-",
                    "speaker_id": "SD2100096",
                    "start": "838.23899",
                    "end": "844.41717",
                    "note": ""
                },
                {
                    "id": "SDRW2100000095.1.1.161",
                    "form": "빵터졌던 경험이 있어.",
                    "original_form": "빵터졌던 경험이 있어.",
                    "speaker_id": "SD2100096",
                    "start": "844.41717",
                    "end": "846.51901",
                    "note": ""
                },
                {
                    "id": "SDRW2100000095.1.1.162",
                    "form": "사투리 쓴 친구들보면 귀엽다고 느껴질 때 있지 않아?",
                    "original_form": "사투리 쓴 친구들보면 귀엽다고 느껴질 때 있지 않아?",
                    "speaker_id": "SD2100095",
                    "start": "846.53903",
                    "end": "850.27898",
                    "note": ""
                },
                {
                    "id": "SDRW2100000095.1.1.163",
                    "form": "맞아 특히 잠 온다 이런 얘기를 하면 귀엽다고 느껴지는 거 같아.",
                    "original_form": "맞아 특히 잠 온다 이런 얘기를 하면 귀엽다고 느껴지는 거 같애.",
                    "speaker_id": "SD2100096",
                    "start": "850.50902",
                    "end": "855.41902",
                    "note": ""
                },
                {
                    "id": "SDRW2100000095.1.1.164",
                    "form": "우리는 보통 잠 온다 라고 표현 안 하고 졸리다 라고 쓰는데 어떻게 잠이 온다 라는 그런 귀여운 표현을 만들어 냈는지가 참 신기해.",
                    "original_form": "우리는 보통 잠 온다 라고 표현 안 하고 졸리다 라고 쓰는데 어떻게 잠이 온다 라는 그런 귀여운 표현을 만들어 냈는지가 참 신기해.",
                    "speaker_id": "SD2100095",
                    "start": "855.46901",
                    "end": "865.05900",
                    "note": ""
                },
                {
                    "id": "SDRW2100000095.1.1.165",
                    "form": "근데 지방에서는",
                    "original_form": "근데 지방에서는",
                    "speaker_id": "SD2100096",
                    "start": "865.22898",
                    "end": "867.46899",
                    "note": ""
                },
                {
                    "id": "SDRW2100000095.1.1.166",
                    "form": "어 잠 온다 라는 이야기가 오히려",
                    "original_form": "어 잠 온다 라는 이야기가 오히려",
                    "speaker_id": "SD2100096",
                    "start": "867.46899",
                    "end": "870.77902",
                    "note": ""
                },
                {
                    "id": "SDRW2100000095.1.1.167",
                    "form": "정상적인 말투고 졸리다가 애교적인 말투라고 하더라고",
                    "original_form": "정상적인 말투고 졸리다가 애교적인 말투라고 하더라고",
                    "speaker_id": "SD2100096",
                    "start": "870.77902",
                    "end": "875.37902",
                    "note": ""
                },
                {
                    "id": "SDRW2100000095.1.1.168",
                    "form": "아 그렇구나.",
                    "original_form": "아 그렇구나.",
                    "speaker_id": "SD2100095",
                    "start": "875.63903",
                    "end": "877.21901",
                    "note": ""
                },
                {
                    "id": "SDRW2100000095.1.1.169",
                    "form": "어 이렇게 우리 우정에 대해서 이야기 한 게 점점 큰 범위로 나아간 거 같은데 되게 재밌었던 거 같아.",
                    "original_form": "어 이렇게 우리 우정에 대해서 이야기 한 게 점점 큰 범위로 나아간 거 같은데 되게 재밌었던 거 같애.",
                    "speaker_id": "SD2100096",
                    "start": "877.95900",
                    "end": "886.40897",
                    "note": ""
                },
                {
                    "id": "SDRW2100000095.1.1.170",
                    "form": "나도.",
                    "original_form": "나도.",
                    "speaker_id": "SD2100095",
                    "start": "886.93900",
                    "end": "887.67902",
                    "note": ""
                }
            ]
        }
    ]
}