{
    "id": "SDRW2100000096",
    "metadata": {
        "title": "국립국어원 구어 말뭉치 SDRW2100000096",
        "creator": "국립국어원",
        "distributor": "국립국어원",
        "year": "2021",
        "category": "구어 > 사적대화 > 일상대화",
        "annotation_level": [
            "원시"
        ],
        "sampling": "본문 전체"
    },
    "document": [
        {
            "id": "SDRW2100000096.1",
            "metadata": {
                "title": "2인 일상 대화",
                "author": "개인 발화자",
                "publisher": "개인 발화 녹음",
                "date": "20210813",
                "topic": "대중교통 > 이용 경험, 선호하는 대중교통",
                "speaker": [
                    {
                        "id": "SD2100095",
                        "age": "20대",
                        "occupation": "학생",
                        "sex": "여성",
                        "birthplace": "서울",
                        "principal_residence": "서울",
                        "current_residence": "경기",
                        "education": "대재"
                    },
                    {
                        "id": "SD2100096",
                        "age": "20대",
                        "occupation": "학생",
                        "sex": "여성",
                        "birthplace": "서울",
                        "principal_residence": "서울",
                        "current_residence": "서울",
                        "education": "대재"
                    }
                ],
                "setting": {
                    "relation": "친구"
                }
            },
            "utterance": [
                {
                    "id": "SDRW2100000096.1.1.1",
                    "form": "name아 오늘 오는데 너 뭐 타고 왔어?",
                    "original_form": "&name&아 오늘 오는데 너 뭐 타고 왔어?",
                    "speaker_id": "SD2100095",
                    "start": "1.43000",
                    "end": "4.62900",
                    "note": ""
                },
                {
                    "id": "SDRW2100000096.1.1.2",
                    "form": "나는 버스를 탔다가 우이신설 선을 타고 6호선을 타고 왔어.",
                    "original_form": "나는 뻐스를 탔다가 우이신설 썬을 타고 육 호선을 타고 왔어.",
                    "speaker_id": "SD2100096",
                    "start": "5.09900",
                    "end": "10.54900",
                    "note": ""
                },
                {
                    "id": "SDRW2100000096.1.1.3",
                    "form": "그럼 총 몇 분이 걸린 거야?",
                    "original_form": "그럼 총 몇 분이 걸린 거야?",
                    "speaker_id": "SD2100095",
                    "start": "11.10900",
                    "end": "13.19900",
                    "note": ""
                },
                {
                    "id": "SDRW2100000096.1.1.4",
                    "form": "약 한 시간 정도 걸린 거 같아.",
                    "original_form": "약 한 시간 정도 걸린 거 같애.",
                    "speaker_id": "SD2100096",
                    "start": "13.27900",
                    "end": "15.63900",
                    "note": ""
                },
                {
                    "id": "SDRW2100000096.1.1.5",
                    "form": "아 그러면은 환승도 꽤나 여러 번 했겠구나.",
                    "original_form": "아 그러면은 환승도 꽤나 여러 번 했겠구나.",
                    "speaker_id": "SD2100095",
                    "start": "16.37900",
                    "end": "19.72900",
                    "note": ""
                },
                {
                    "id": "SDRW2100000096.1.1.6",
                    "form": "맞아 두 번이나 했었어.",
                    "original_form": "맞아 두 번이나 했었어.",
                    "speaker_id": "SD2100096",
                    "start": "19.89900",
                    "end": "21.84000",
                    "note": ""
                },
                {
                    "id": "SDRW2100000096.1.1.7",
                    "form": "오면서 밖의 풍경도 보면서 왔어?",
                    "original_form": "오면서 밖의 풍경도 보면서 왔어?",
                    "speaker_id": "SD2100095",
                    "start": "22.73000",
                    "end": "25.72000",
                    "note": ""
                },
                {
                    "id": "SDRW2100000096.1.1.8",
                    "form": "아니 대부분 지하철을 탔기 때문에 그냥 음악을 들으면서 왔어.",
                    "original_form": "아니 대부분 지하철을 탔기 때문에 그냥 음악을 들으면서 왔어.",
                    "speaker_id": "SD2100096",
                    "start": "26.04000",
                    "end": "31.25000",
                    "note": ""
                },
                {
                    "id": "SDRW2100000096.1.1.9",
                    "form": "나는 4호선과 2호선 지하철을 타고 왔는데 한 시간 20분 정도 걸린 거 같아.",
                    "original_form": "나는 사 호선과 이 호선 지하철을 타고 왔는데 한 시간 이십 분 정도 걸린 거 같아.",
                    "speaker_id": "SD2100095",
                    "start": "31.72000",
                    "end": "38.22000",
                    "note": ""
                },
                {
                    "id": "SDRW2100000096.1.1.10",
                    "form": "네가 최근에 이사를 가서 조금 더 걸렸던 거 같네.",
                    "original_form": "너가 최근에 이사를 가서 조금 더 걸렸던 거 같네.",
                    "speaker_id": "SD2100096",
                    "start": "38.72000",
                    "end": "42.64000",
                    "note": ""
                },
                {
                    "id": "SDRW2100000096.1.1.11",
                    "form": "맞아 우리 동네 대중교통은 배차 간격이 길어서 버스가 좀 늦게 오거든.",
                    "original_form": "맞아 우리 동네 대중교통은 배차 간격이 길어서 뻐스가 좀 늦게 오거든.",
                    "speaker_id": "SD2100095",
                    "start": "42.99000",
                    "end": "48.95000",
                    "note": ""
                },
                {
                    "id": "SDRW2100000096.1.1.12",
                    "form": "맞아 생각해 보면 지하철이나 경전철은 시간에 맞춰서 오거나",
                    "original_form": "맞아 생각해 보면 지하철이나 경전철은 시간에 맞춰서 오거나",
                    "speaker_id": "SD2100096",
                    "start": "49.42000",
                    "end": "55.17000",
                    "note": ""
                },
                {
                    "id": "SDRW2100000096.1.1.13",
                    "form": "어 조금 늦게 오더라도 막히는 게 없어서 약속 시간에 제때 갈 수 있는데 버스는 워낙",
                    "original_form": "어~ 쪼끔 늦게 오더라도 막히는 게 없어서 약속 시간에 제때 갈 수 있는데 뻐스는 워낙",
                    "speaker_id": "SD2100096",
                    "start": "55.17000",
                    "end": "62.53000",
                    "note": ""
                },
                {
                    "id": "SDRW2100000096.1.1.14",
                    "form": "대중교통이 대중교통 아니더라도 그 자차들의 양이 많으면 막힐 수가 있어서 좀 불편했던 거 같아.",
                    "original_form": "대중교통이 대중교통 아니더라도 그 자차들의 양이 많으면 막힐 수가 있어서 좀 불편했던 거 같애.",
                    "speaker_id": "SD2100096",
                    "start": "62.53000",
                    "end": "70.82000",
                    "note": ""
                },
                {
                    "id": "SDRW2100000096.1.1.15",
                    "form": "너는 지하철 타는 게 좋아 버스 타는 게 좋아?",
                    "original_form": "너는 지하철 타는 게 좋아 뻐스 타는 게 좋아?",
                    "speaker_id": "SD2100095",
                    "start": "71.41000",
                    "end": "74.82000",
                    "note": ""
                },
                {
                    "id": "SDRW2100000096.1.1.16",
                    "form": "나는 당연히 지하철 타는 게 조금 더 마음이 편한 거 같아.",
                    "original_form": "나는 당연히 지하철 타는 게 조금 더 마음이 편한 거 같애.",
                    "speaker_id": "SD2100096",
                    "start": "74.87000",
                    "end": "78.91000",
                    "note": ""
                },
                {
                    "id": "SDRW2100000096.1.1.17",
                    "form": "아 나는 버스 타는 거를 좋아해 밖을 보면서 달릴 수 있다는 그런 시원한 느낌이 이상하게 들어서 난 좋아.",
                    "original_form": "아 나는 뻐스 타는 거를 좋아해 밖에를 보면서 달릴 수 있다는 그런 시원한 느낌이 이상하게 들어서 난 좋아.",
                    "speaker_id": "SD2100095",
                    "start": "79.17000",
                    "end": "86.81000",
                    "note": ""
                },
                {
                    "id": "SDRW2100000096.1.1.18",
                    "form": "사실 버스에 제일 큰 장점이 그거라고 생각하긴 해.",
                    "original_form": "사실 뻐스에 제일 큰 장점이 그거라고 생각하긴 해.",
                    "speaker_id": "SD2100096",
                    "start": "87.43000",
                    "end": "91.32000",
                    "note": ""
                },
                {
                    "id": "SDRW2100000096.1.1.19",
                    "form": "하지만",
                    "original_form": "하지만",
                    "speaker_id": "SD2100096",
                    "start": "91.32000",
                    "end": "92.68000",
                    "note": ""
                },
                {
                    "id": "SDRW2100000096.1.1.20",
                    "form": "막힐 때는 정말 답답하지 않니?",
                    "original_form": "막힐 때는 정말 답답하지 않니?",
                    "speaker_id": "SD2100096",
                    "start": "92.68000",
                    "end": "95.24000",
                    "note": ""
                },
                {
                    "id": "SDRW2100000096.1.1.21",
                    "form": "그것도 맞아 근데 지하철은 퇴근 시간에 난 정말 타기가 무섭더라고.",
                    "original_form": "그것도 맞아 근데 지하철은 퇴근 시간에 난 정말 타기가 무섭더라구.",
                    "speaker_id": "SD2100095",
                    "start": "95.44000",
                    "end": "100.74000",
                    "note": ""
                },
                {
                    "id": "SDRW2100000096.1.1.22",
                    "form": "맞아 퇴근 시간에 겹쳐서 심지어 앉지도 못한 채로 에어컨이 안 나오는 지하철에 타면",
                    "original_form": "맞아 퇴근 시간에 겹쳐서 심지어 앉지도 못한 채로 에어컨이 안 나오는 지하철에 타면",
                    "speaker_id": "SD2100096",
                    "start": "101.30000",
                    "end": "107.95000",
                    "note": ""
                },
                {
                    "id": "SDRW2100000096.1.1.23",
                    "form": "정말 온 몸에 땀이 나면서",
                    "original_form": "정말 온 몸에 땀이 나면서",
                    "speaker_id": "SD2100096",
                    "start": "107.95000",
                    "end": "110.54000",
                    "note": ""
                },
                {
                    "id": "SDRW2100000096.1.1.24",
                    "form": "힘들었던 경험이 많았던 거 같아.",
                    "original_form": "힘들었던 경험이 많았던 거 같애.",
                    "speaker_id": "SD2100096",
                    "start": "110.54000",
                    "end": "112.65000",
                    "note": ""
                },
                {
                    "id": "SDRW2100000096.1.1.25",
                    "form": "보통 사람들이 그거를 지옥철이라고 부르잖아.",
                    "original_form": "보통 사람들이 그거를 지옥철이라고 부르잖아.",
                    "speaker_id": "SD2100095",
                    "start": "112.97000",
                    "end": "116.74000",
                    "note": ""
                },
                {
                    "id": "SDRW2100000096.1.1.26",
                    "form": "맞아 맞아.",
                    "original_form": "맞아 맞아.",
                    "speaker_id": "SD2100096",
                    "start": "117.06000",
                    "end": "118.22000",
                    "note": ""
                },
                {
                    "id": "SDRW2100000096.1.1.27",
                    "form": "나는 오늘 2호선을 타고 왔는데 외선이 있고 내선이 있더라고 외선은 밖으로 가는 거고 내선는 안으로 가나 봐 오늘 처음 알게 되었어.",
                    "original_form": "나는 오늘 이 호선을 타고 왔는데 외선이 있고 내선이 있더라고 외선은 밖으로 가는 거고 내선는 안으로 가나 봐 오늘 처음 알게 되었어.",
                    "speaker_id": "SD2100095",
                    "start": "118.45000",
                    "end": "129.72000",
                    "note": ""
                },
                {
                    "id": "SDRW2100000096.1.1.28",
                    "form": "나는 서울에 19년 동안 살았는데 오늘 너를 통해 처음 알았던 거 같아.",
                    "original_form": "나는 서울에 십구 년 동안 살았는데 오늘 너를 통해 처음 알았던 거 같애.",
                    "speaker_id": "SD2100096",
                    "start": "130.04000",
                    "end": "134.92000",
                    "note": ""
                },
                {
                    "id": "SDRW2100000096.1.1.29",
                    "form": "그리고 2호선은 성수에서 건대입구 가는 그 바깥 풍경이 되게 예뻐 너도 나중에 한번 그쪽을 지나갈 때가 있다면 꼭 봤으면 해.",
                    "original_form": "그리고 이 호선은 성수에서 건대입구 가는 그 바깥 풍경이 되게 예뻐 너도 나중에 한번 그쪽을 지나갈 때가 있다면 꼭 봤으면 해.",
                    "speaker_id": "SD2100095",
                    "start": "135.24000",
                    "end": "145.10000",
                    "note": ""
                },
                {
                    "id": "SDRW2100000096.1.1.30",
                    "form": "혹시 그 풍경이 한강 풍경이니?",
                    "original_form": "혹시 그 풍경이 한강 풍경이니?",
                    "speaker_id": "SD2100096",
                    "start": "145.36001",
                    "end": "147.95000",
                    "note": "발화겹침"
                },
                {
                    "id": "SDRW2100000096.1.1.31",
                    "form": "맞아.",
                    "original_form": "맞아.",
                    "speaker_id": "SD2100095",
                    "start": "147.82000",
                    "end": "148.61001",
                    "note": "발화겹침"
                },
                {
                    "id": "SDRW2100000096.1.1.32",
                    "form": "어 맞아 나도",
                    "original_form": "어 맞아 나도",
                    "speaker_id": "SD2100096",
                    "start": "149.02000",
                    "end": "150.81000",
                    "note": ""
                },
                {
                    "id": "SDRW2100000096.1.1.33",
                    "form": "고등학교 3학년 때 입시학원을 갔다가 집에 가는 길이면 꼭 압구정에서 신사까지 그 한강 가는 길이 있었는데",
                    "original_form": "고등학교 삼 학년 때 입시학원을 갔다가 집에 가는 길이면 꼭 압구정에서 신사까지 그 한강 가는 길이 있었는데",
                    "speaker_id": "SD2100096",
                    "start": "150.81000",
                    "end": "160.15000",
                    "note": ""
                },
                {
                    "id": "SDRW2100000096.1.1.34",
                    "form": "그때면 사람들이 다 핸드폰 보다가도 창문을 바라보는 게 좀 인상적이었던 것 같아.",
                    "original_form": "그때면은 사람들이 다 핸드폰 보다가도 창문을 바라보는 게 좀 인상적이었던 것 같애.",
                    "speaker_id": "SD2100096",
                    "start": "160.15000",
                    "end": "165.73999",
                    "note": ""
                },
                {
                    "id": "SDRW2100000096.1.1.35",
                    "form": "나도 그래서 항상 지하철 이렇게 뻥 뚫려 있을 때 밖으로 지나갈 때 나 항상 영상을 찍곤 해.",
                    "original_form": "나도 그래서 항상 지하철 이렇게 뻥 뚫려 있을 때 밖으로 지나갈 때 나 항상 영상을 찍곤 해.",
                    "speaker_id": "SD2100095",
                    "start": "166.09000",
                    "end": "172.94999",
                    "note": ""
                },
                {
                    "id": "SDRW2100000096.1.1.36",
                    "form": "맞아 너의 인스타그램 스토리에서 자주 봤던 거 같아.",
                    "original_form": "맞아 너의 인스타그램 스토리에서 자주 봤던 거 같애.",
                    "speaker_id": "SD2100096",
                    "start": "173.42000",
                    "end": "177.25001",
                    "note": ""
                },
                {
                    "id": "SDRW2100000096.1.1.37",
                    "form": "감성있잖아 뭔가 그 풍경이 나를 위로해 주는 느낌이 들어.",
                    "original_form": "감성있잖아 뭔가 그 풍경이 나를 위로해 주는 느낌이 들어.",
                    "speaker_id": "SD2100095",
                    "start": "177.48000",
                    "end": "182.00000",
                    "note": ""
                },
                {
                    "id": "SDRW2100000096.1.1.38",
                    "form": "맞아 위로하니까 생각난건데 4호선 열차 늦은 밤에 4호선 열차를 타면",
                    "original_form": "맞아 위로하니까 생각난건데 사 호선 열차 늦은 밤에 사 호선 열차를 타면",
                    "speaker_id": "SD2100096",
                    "start": "182.53000",
                    "end": "188.77268",
                    "note": ""
                },
                {
                    "id": "SDRW2100000096.1.1.39",
                    "form": "기사님께서 오늘 하루 피곤했던 일은 열차에 두고 가시라는 말씀 안내방송을 하시는데",
                    "original_form": "기사님께서 오늘 하루 피곤했던 일은 열차에 두고 가시라는 말씀 안내방송을 하시는데",
                    "speaker_id": "SD2100096",
                    "start": "188.77268",
                    "end": "196.23958",
                    "note": ""
                },
                {
                    "id": "SDRW2100000096.1.1.40",
                    "form": "그게 참 인상 깊었던 경험이 많아.",
                    "original_form": "그게 참 인상 깊었던 경험이 많아.",
                    "speaker_id": "SD2100096",
                    "start": "196.23958",
                    "end": "198.71000",
                    "note": ""
                },
                {
                    "id": "SDRW2100000096.1.1.41",
                    "form": "아 진짜 나는 4호선을 많이 타 봤는데 그 방송은 못 들었던 거 같네.",
                    "original_form": "아 진짜 나는 사 호선을 많이 타 봤는데 그 방송은 못 들었던 거 같네.",
                    "speaker_id": "SD2100095",
                    "start": "198.88000",
                    "end": "204.36001",
                    "note": ""
                },
                {
                    "id": "SDRW2100000096.1.1.42",
                    "form": "어 그 방송을 듣고 눈물을 흘렸다는 사람들도 인터넷에서 많이 본 거 같아.",
                    "original_form": "어 그 방송을 듣고 눈물을 흘렸다는 사람들도 인터넷에서 많이 본 거 같아.",
                    "speaker_id": "SD2100096",
                    "start": "204.74000",
                    "end": "210.39999",
                    "note": ""
                },
                {
                    "id": "SDRW2100000096.1.1.43",
                    "form": "근데 진짜 감동적이겠다.",
                    "original_form": "근데 진짜 감동적이겠다.",
                    "speaker_id": "SD2100095",
                    "start": "210.66000",
                    "end": "213.05000",
                    "note": ""
                },
                {
                    "id": "SDRW2100000096.1.1.44",
                    "form": "어 되게 열차에 두고 떠나가시라는 이 말이 좀 감동적이면서도 감성적이어서 되게 잔잔하게 마음에 남았던 거 같아.",
                    "original_form": "어 되게 열차에 두고 떠나가시라는 이 말이 좀 감동적이면서도 감성적이어서 되게 잔잔하게 마음에 남았던 거 같애.",
                    "speaker_id": "SD2100096",
                    "start": "213.52000",
                    "end": "222.33000",
                    "note": ""
                },
                {
                    "id": "SDRW2100000096.1.1.45",
                    "form": "너도 다음에 4호선 종점까지 가 봐.",
                    "original_form": "너도 다음에 사 호선 종점까지 가 봐.",
                    "speaker_id": "SD2100095",
                    "start": "222.83000",
                    "end": "226.44999",
                    "note": ""
                },
                {
                    "id": "SDRW2100000096.1.1.46",
                    "form": "내가 거기에 살거든",
                    "original_form": "내가 거기에 살거든",
                    "speaker_id": "SD2100095",
                    "start": "226.44999",
                    "end": "228.71000",
                    "note": ""
                },
                {
                    "id": "SDRW2100000096.1.1.47",
                    "form": "맞다 너 당고개 근처에 살지 네가 너무 멀리 이사가서 좀 아쉬운 거 같아.",
                    "original_form": "맞다 너 당고개 근처에 살지 너가 너무 멀리 이사가서 좀 아쉬운 거 같애.",
                    "speaker_id": "SD2100096",
                    "start": "229.03000",
                    "end": "234.63000",
                    "note": ""
                },
                {
                    "id": "SDRW2100000096.1.1.48",
                    "form": "당고개 근처가 아니라 당고개역에서 내리면 버스를 타고 더 들어가야 돼.",
                    "original_form": "당고개 근처가 아니라 당고개역에서 내리면 버스를 타고 더 들어가야 돼.",
                    "speaker_id": "SD2100095",
                    "start": "234.80000",
                    "end": "240.31001",
                    "note": ""
                },
                {
                    "id": "SDRW2100000096.1.1.49",
                    "form": "그러면 퇴근 시간에 버스를 타면 그거는 그거대로 또 힘들겠다.",
                    "original_form": "그러면 퇴근 시간에 버스를 타면 그거는 그거대로 또 힘들겠다.",
                    "speaker_id": "SD2100096",
                    "start": "240.48000",
                    "end": "245.48000",
                    "note": ""
                },
                {
                    "id": "SDRW2100000096.1.1.50",
                    "form": "맞아 근데 좌석이 많아서 앉아서 가면서 바깥 풍경을 볼 수 있어서 난 오히려 지하철보다 버스가 더 편하다고 느꼈어.",
                    "original_form": "맞아 근데 좌석이 많아서 앉아서 가면서 바깥 풍경을 볼 수 있어서 난 오히려 지하철보다 버스가 더 편하다고 느꼈어.",
                    "speaker_id": "SD2100095",
                    "start": "245.77001",
                    "end": "254.64000",
                    "note": ""
                },
                {
                    "id": "SDRW2100000096.1.1.51",
                    "form": "아 우리 동네는 아무래도 산꼭대기에 있다보니까 1014나 1114가 10분 간격으로 있어서",
                    "original_form": "아 우리 동네는 아무래도 산꼭대기에 있다보니까 일공일사나 일일일사가 십 분 간격으로 있어서",
                    "speaker_id": "SD2100096",
                    "start": "254.99000",
                    "end": "263.44001",
                    "note": ""
                },
                {
                    "id": "SDRW2100000096.1.1.52",
                    "form": "좀 늦으면 10분 이상 늦춰지다 보니까 지하철을 타지 않으면 약속 시간에 늦는 경우가 많아서 나는 조금 더",
                    "original_form": "좀 늦으면 십 분 이상 늦춰지다 보니까 지하철을 타지 않으면 약속 시간에 늦는 경우가 많아서 나는 조금 더",
                    "speaker_id": "SD2100096",
                    "start": "263.44001",
                    "end": "270.94901",
                    "note": ""
                },
                {
                    "id": "SDRW2100000096.1.1.53",
                    "form": "지하철을 선호하는 거 같아.",
                    "original_form": "지하철을 선호하는 거 같애.",
                    "speaker_id": "SD2100096",
                    "start": "270.94901",
                    "end": "273.17901",
                    "note": ""
                },
                {
                    "id": "SDRW2100000096.1.1.54",
                    "form": "나도 너와 같은 동네에 살았잖아 과거에 근데 거기에서 경전철이 새로 생긴 게 정말 신의 한 수인 거 같아.",
                    "original_form": "나도 너와 같은 동네에 살았잖아 과거에 근데 거기에서 경전철이 새로 생긴 게 정말 신의 한 수인 거 같아.",
                    "speaker_id": "SD2100095",
                    "start": "273.55901",
                    "end": "281.82900",
                    "note": ""
                },
                {
                    "id": "SDRW2100000096.1.1.55",
                    "form": "맞아 너무 공감해 성신여대로 갈 때 보통 아리랑고개에서 30분 이상 막힐 때가 많았는데 경전철을 타면 6분 안에 갈 수 있으니까 너무 편했던 거 같아.",
                    "original_form": "맞아 너무 공감해 성신여대로 갈 때 보통 아리랑고개에서 삼십 분 이상 막힐 때가 많았는데 경전철을 타면 육 분 안에 갈 수 있으니까 너무 편했던 거 같애.",
                    "speaker_id": "SD2100096",
                    "start": "282.08901",
                    "end": "294.94899",
                    "note": ""
                },
                {
                    "id": "SDRW2100000096.1.1.56",
                    "form": "맨 처음에 경전철 새로 지었을 때 계속 미루고 미루다가 급하게 지은 거라고 해서 말 많았던 거 알아?",
                    "original_form": "맨 처음에 경전철 새로 지었을 때 계속 미루고 미루다가 급하게 지은 거라고 해서 말 많았던 거 알아?",
                    "speaker_id": "SD2100095",
                    "start": "295.20900",
                    "end": "303.41901",
                    "note": ""
                },
                {
                    "id": "SDRW2100000096.1.1.57",
                    "form": "어 맞아 원래 우리 아파트 밑에 지으려고 그랬는데 큰 돌이 있어서 저 밑으로 밀려났다고 하더라고.",
                    "original_form": "어 맞아 원래 우리 아파트 밑에 지으려고 그랬는데 큰 돌이 있어서 저 밑으로 밀려났다고 하더라고.",
                    "speaker_id": "SD2100096",
                    "start": "303.70899",
                    "end": "311.37900",
                    "note": ""
                },
                {
                    "id": "SDRW2100000096.1.1.58",
                    "form": "내가 아는 정보로는 서경대와 국민대 중 가운 그 두 학교 중에 하나를 선택해서 짓는다 했었는데 서경대가 밀려서 국민대 근처로 지은 거 같아.",
                    "original_form": "내가 아는 정보로는 서경대와 국민대 중 가운 그 두 학교 중에 하나를 선택해서 짓는다 했었는데 서경대가 밀려서 국민대 근처로 지은 거 같아.",
                    "speaker_id": "SD2100095",
                    "start": "311.57901",
                    "end": "322.93899",
                    "note": ""
                },
                {
                    "id": "SDRW2100000096.1.1.59",
                    "form": "아 근데 크 큰 돌이 있었다는 게 사실이긴 하더라고",
                    "original_form": "아 근데 -크- 큰 돌이 있었다는 게 사실이긴 하더라고",
                    "speaker_id": "SD2100096",
                    "start": "323.28900",
                    "end": "327.75827",
                    "note": ""
                },
                {
                    "id": "SDRW2100000096.1.1.60",
                    "form": "그거를 부시지 부시는 비용이 경전철 짓는 비용보다 더 비싸서 완전 밑으로 내려가서 좀 아쉬운 거 같아.",
                    "original_form": "그거를 뿌시지 뿌시는 비용이 경전철 짓는 비용보다 더 비싸서 완전 밑으로 내려가서 쫌 아쉬운 거 같애.",
                    "speaker_id": "SD2100096",
                    "start": "327.75827",
                    "end": "335.88899",
                    "note": ""
                },
                {
                    "id": "SDRW2100000096.1.1.61",
                    "form": "그건 진짜 처음 듣는 사실인데 정말 놀랍다 근데 경전철이 조그매 가지고 귀엽긴 한데 조금 사람 많을 때 타면 힘든 거 같아.",
                    "original_form": "그건 진짜 처음 듣는 사실인데 정말 놀랍다 근데 경전철이 쪼그매 가주구 귀엽긴 한데 쪼끔 사람 많을 때 타면 힘든 거 같아.",
                    "speaker_id": "SD2100095",
                    "start": "335.99901",
                    "end": "347.17899",
                    "note": ""
                },
                {
                    "id": "SDRW2100000096.1.1.62",
                    "form": "맞아 그래 그나마 좀 배차 간격이 짧아서 다행히지 배차간격도 일반 지하철처럼 좀 더 길었다면",
                    "original_form": "맞아 그래 그나마 좀 배차 간격이 짧아서 다행히지 배차간격도 일반 지하철처럼 좀 더 길었다면",
                    "speaker_id": "SD2100096",
                    "start": "347.52900",
                    "end": "356.03870",
                    "note": ""
                },
                {
                    "id": "SDRW2100000096.1.1.63",
                    "form": "참 많은 사람들이 이용하지는 않았을 거 같아.",
                    "original_form": "참 많은 사람들이 이용하지는 않았을 거 같애.",
                    "speaker_id": "SD2100096",
                    "start": "356.03870",
                    "end": "359.13900",
                    "note": ""
                },
                {
                    "id": "SDRW2100000096.1.1.64",
                    "form": "경전철은 정릉이랑 신설동을 왔다 갔다 하나?",
                    "original_form": "경전철은 정릉이랑 신설동을 왔다 갔다 하나?",
                    "speaker_id": "SD2100095",
                    "start": "359.48901",
                    "end": "363.64901",
                    "note": ""
                },
                {
                    "id": "SDRW2100000096.1.1.65",
                    "form": "맞아 맞아.",
                    "original_form": "맞아 맞아.",
                    "speaker_id": "SD2100096",
                    "start": "363.87899",
                    "end": "364.79899",
                    "note": ""
                },
                {
                    "id": "SDRW2100000096.1.1.66",
                    "form": "신설동으로 가면은 네가 6호선으로 갈아탈 수 있는 건가?",
                    "original_form": "신설동으로 가면은 너가 육 호선으로 갈아탈 수 있는 건가?",
                    "speaker_id": "SD2100095",
                    "start": "365.23900",
                    "end": "369.24900",
                    "note": ""
                },
                {
                    "id": "SDRW2100000096.1.1.67",
                    "form": "아니 나는 보문역에서 6호선으로 갈아타.",
                    "original_form": "아니 나는 보문역에서 육 호선으로 갈아타.",
                    "speaker_id": "SD2100096",
                    "start": "369.74900",
                    "end": "372.85901",
                    "note": ""
                },
                {
                    "id": "SDRW2100000096.1.1.68",
                    "form": "나는 경전철을 타서 많이 가본 적이 없어 가지고",
                    "original_form": "나는 경전철을 타서 많이 가본 적이 없어 가주구",
                    "speaker_id": "SD2100095",
                    "start": "373.11899",
                    "end": "377.48901",
                    "note": ""
                },
                {
                    "id": "SDRW2100000096.1.1.69",
                    "form": "어 신설동밖에 잘 기억이 안 나.",
                    "original_form": "어 신설동밖에 잘 기억이 안 나.",
                    "speaker_id": "SD2100095",
                    "start": "377.48901",
                    "end": "379.95900",
                    "note": ""
                },
                {
                    "id": "SDRW2100000096.1.1.70",
                    "form": "경전철이 근데 고장났던 경험이 되게",
                    "original_form": "경전철이 근데 고장났던 경험이 되게",
                    "speaker_id": "SD2100096",
                    "start": "380.81899",
                    "end": "385.21901",
                    "note": ""
                },
                {
                    "id": "SDRW2100000096.1.1.71",
                    "form": "있었던 거 아니?",
                    "original_form": "있었던 거 아니?",
                    "speaker_id": "SD2100096",
                    "start": "385.21901",
                    "end": "386.78901",
                    "note": ""
                },
                {
                    "id": "SDRW2100000096.1.1.72",
                    "form": "아니 몰랐어.",
                    "original_form": "아니 몰랐어.",
                    "speaker_id": "SD2100095",
                    "start": "387.10901",
                    "end": "388.47900",
                    "note": ""
                },
                {
                    "id": "SDRW2100000096.1.1.73",
                    "form": "경전철이 갑자기 운행을 멈춰서",
                    "original_form": "경전철이 갑자기 운행을 멈춰서",
                    "speaker_id": "SD2100096",
                    "start": "388.79901",
                    "end": "392.92901",
                    "note": ""
                },
                {
                    "id": "SDRW2100000096.1.1.74",
                    "form": "막 안내 방송이 나와서 내가 급한 약속이 있었는데 경전철을 타지 못하고",
                    "original_form": "막 안내 방송이 나와서 내가 급한 약속이 있었는데 경전철을 타지 못하고",
                    "speaker_id": "SD2100096",
                    "start": "392.92901",
                    "end": "398.02900",
                    "note": ""
                },
                {
                    "id": "SDRW2100000096.1.1.75",
                    "form": "다시 버스로 돌아갔어야 돼서 약속에 30분 이상 늦었던 경험이 있었어.",
                    "original_form": "다시 뻐스로 돌아갔어야 돼서 약속에 삼십 분 이상 늦었던 경험이 있었어.",
                    "speaker_id": "SD2100096",
                    "start": "398.02900",
                    "end": "403.35899",
                    "note": ""
                },
                {
                    "id": "SDRW2100000096.1.1.76",
                    "form": "경전철이 사고가 자주 나는 건가?",
                    "original_form": "경전철이 사고가 자주 나는 건가?",
                    "speaker_id": "SD2100095",
                    "start": "403.94899",
                    "end": "406.81901",
                    "note": ""
                },
                {
                    "id": "SDRW2100000096.1.1.77",
                    "form": "어 큰 사고는 아니지만 이렇게 방전이라고 해야 되나 그 움직이지 않는 경우가 되게 많았었던 거 같아.",
                    "original_form": "어 큰 사고는 아니지만 이렇게 방전이라고 해야 되나 그 움직이지 않는 경우가 되게 많았었던 거 같애.",
                    "speaker_id": "SD2100096",
                    "start": "407.19901",
                    "end": "414.23901",
                    "note": ""
                },
                {
                    "id": "SDRW2100000096.1.1.78",
                    "form": "아 그렇구나 뭔가 무섭다 지하철 안에서 갇히는 거면 뭔가 느낌이 이상할 거 같아.",
                    "original_form": "아 그렇구나 뭔가 무섭다 지하철 안에서 갇히는 거면 뭔가 느낌이 이상할 거 같아.",
                    "speaker_id": "SD2100095",
                    "start": "414.79901",
                    "end": "421.71899",
                    "note": ""
                },
                {
                    "id": "SDRW2100000096.1.1.79",
                    "form": "아 지하철 안에서가 아니라 역에서 움직이지 않는 사고가 일어나서",
                    "original_form": "아 지하철 안에서가 아니라 역에서 움직이지 않는 사고가 일어나서",
                    "speaker_id": "SD2100096",
                    "start": "421.85900",
                    "end": "427.43583",
                    "note": ""
                },
                {
                    "id": "SDRW2100000096.1.1.80",
                    "form": "내가 급한데 갑자기 열차가 운행하지 않는다는 방송이 나와서 사람들이 다 급하게 버스 정류장으로 뛰어갔던 경험이 있어.",
                    "original_form": "내가 급한데 갑자기 열차가 운행하지 않는다는 방송이 나와서 사람들이 다 급하게 버스 정류장으로 뛰어갔던 경험이 있어.",
                    "speaker_id": "SD2100096",
                    "start": "427.43583",
                    "end": "437.21901",
                    "note": ""
                },
                {
                    "id": "SDRW2100000096.1.1.81",
                    "form": "아 그렇구나 그러면 너는 택시 타는 거는 어떻게 생각해?",
                    "original_form": "아 그렇구나 그러면 너는 택시 타는 거는 어떻게 생각해?",
                    "speaker_id": "SD2100095",
                    "start": "437.89900",
                    "end": "442.29899",
                    "note": ""
                },
                {
                    "id": "SDRW2100000096.1.1.82",
                    "form": "어 택시는 정말 급할 때만 쓰는 거 같아 사실 요즘 택시 값이 너무 비싸져서",
                    "original_form": "어 택시는 정말 급할 때만 쓰는 거 같애 사실 요즘 택시 값이 너무 비싸져서",
                    "speaker_id": "SD2100096",
                    "start": "442.67899",
                    "end": "450.88901",
                    "note": ""
                },
                {
                    "id": "SDRW2100000096.1.1.83",
                    "form": "좀 부담인 거 같아.",
                    "original_form": "좀 부담인 거 같애.",
                    "speaker_id": "SD2100096",
                    "start": "450.88901",
                    "end": "452.54901",
                    "note": ""
                },
                {
                    "id": "SDRW2100000096.1.1.84",
                    "form": "택시 요금은 원래 점점 오르잖아.",
                    "original_form": "택시 요금은 원래 점점 오르잖아.",
                    "speaker_id": "SD2100095",
                    "start": "452.74899",
                    "end": "456.00899",
                    "note": ""
                },
                {
                    "id": "SDRW2100000096.1.1.85",
                    "form": "너는 그러면 진짜 급할 때 빼고는 안 타는 편인 거야?",
                    "original_form": "너는 그러면 진짜 급할 때 빼고는 안 타는 편인 거야?",
                    "speaker_id": "SD2100095",
                    "start": "456.00899",
                    "end": "459.96901",
                    "note": "발화겹침"
                },
                {
                    "id": "SDRW2100000096.1.1.86",
                    "form": "어 나는 거의 안 탔어 학교에서 공항 갈 때까지만",
                    "original_form": "어 나는 거의 안 탔어 학교에서 공항 갈 때까지만",
                    "speaker_id": "SD2100096",
                    "start": "459.95900",
                    "end": "463.98900",
                    "note": "발화겹침"
                },
                {
                    "id": "SDRW2100000096.1.1.87",
                    "form": "타고 그 이후로는 타 본 적이 없었던 거 같아.",
                    "original_form": "타고 그 이후로는 타 본 적이 없었던 거 같애.",
                    "speaker_id": "SD2100096",
                    "start": "463.98900",
                    "end": "467.29899",
                    "note": ""
                },
                {
                    "id": "SDRW2100000096.1.1.88",
                    "form": "학교에서 공항 갈 때 택시를 타면 보통 얼마를 내?",
                    "original_form": "학교에서 공항 갈 때 택시를 타면 보통 얼마를 내?",
                    "speaker_id": "SD2100095",
                    "start": "467.40901",
                    "end": "471.47901",
                    "note": ""
                },
                {
                    "id": "SDRW2100000096.1.1.89",
                    "form": "어 한 7000원 넘게 내는 거 같아.",
                    "original_form": "어 한 칠천 원 넘게 내는 거 같애.",
                    "speaker_id": "SD2100096",
                    "start": "471.85901",
                    "end": "475.17899",
                    "note": ""
                },
                {
                    "id": "SDRW2100000096.1.1.90",
                    "form": "7000원이면은 좀 꽤나 달린다는 이야기네.",
                    "original_form": "칠천 원이면은 쫌 꽤나 달린다는 이야기네.",
                    "speaker_id": "SD2100095",
                    "start": "475.73901",
                    "end": "479.11901",
                    "note": ""
                },
                {
                    "id": "SDRW2100000096.1.1.91",
                    "form": "맞아 이게 은근 가까운데 또 택시로 가면은 많이 비싸더라고.",
                    "original_form": "맞아 이게 은근 가까운데 또 택시로 가면은 많이 비싸더라구.",
                    "speaker_id": "SD2100096",
                    "start": "479.16900",
                    "end": "484.25899",
                    "note": ""
                },
                {
                    "id": "SDRW2100000096.1.1.92",
                    "form": "나도 택시 타는 거를 좋아하는데 타는 거는 좋지만 가끔 요금이 많이 걱정되더라고.",
                    "original_form": "나도 택시 타는 거를 좋아하는데 타는 거는 좋지만 (()) 가끔 요금이 많이 걱정되더라구.",
                    "speaker_id": "SD2100095",
                    "start": "484.45900",
                    "end": "492.21901",
                    "note": ""
                },
                {
                    "id": "SDRW2100000096.1.1.93",
                    "form": "맞아 네가 고등학교 때 택시 타고 온다는 이야기를 많이 들었어.",
                    "original_form": "맞아 너가 고등학교 때 택시 타고 온다는 이야기를 많이 들었어.",
                    "speaker_id": "SD2100096",
                    "start": "492.50901",
                    "end": "498.25901",
                    "note": ""
                },
                {
                    "id": "SDRW2100000096.1.1.94",
                    "form": "알 아시다시피 나는 고등학교 때 택시를 정말 많이 탔던 사람이잖아",
                    "original_form": "알 {laughing} 아시다시피 나는 고등학교 때 택시를 정말 많이 탔던 사람이잖아",
                    "speaker_id": "SD2100095",
                    "start": "498.90900",
                    "end": "504.42140",
                    "note": ""
                },
                {
                    "id": "SDRW2100000096.1.1.95",
                    "form": "그래서 아침에 셔틀 버스를 놓치고 항상 택시를 타면 7 8000원은 나왔던 거 같아.",
                    "original_form": "그래서 아침에 셔틀 버스를 놓치고 항상 택시를 타면 칠 팔천 원은 나왔던 거 같아.",
                    "speaker_id": "SD2100095",
                    "start": "504.42140",
                    "end": "510.93899",
                    "note": ""
                },
                {
                    "id": "SDRW2100000096.1.1.96",
                    "form": "맞아 그래서 셔틀버스가 정말 유일한 희망이었던 거 같아.",
                    "original_form": "맞아 그래서 셔틀버스가 정말 유일한 희망이었던 거 같애.",
                    "speaker_id": "SD2100096",
                    "start": "511.31899",
                    "end": "516.10900",
                    "note": ""
                },
                {
                    "id": "SDRW2100000096.1.1.97",
                    "form": "나는 셔틀버스비도 내고 택시비도 내서 요금이 두 배로 많이 나갔던 상황이었는데 셔틀버스 보다는 택시가 더 편했지만 요금은 셔틀버스가 더 쌌지.",
                    "original_form": "나는 셔틀버스비도 내고 택시비도 내서 요금이 두 배로 많이 나갔던 상황이었는데 셔틀버스 보다는 택시가 더 편했지만 요금은 셔틀버스가 더 쌌지.",
                    "speaker_id": "SD2100095",
                    "start": "516.39901",
                    "end": "528.50898",
                    "note": ""
                },
                {
                    "id": "SDRW2100000096.1.1.98",
                    "form": "셔틀버스가 좀 불편하긴 해도 셔틀버스 없었다면 난 정말 고등학교에 다닐 수 없었을 거야.",
                    "original_form": "셔틀버스가 좀 불편하긴 해도 셔틀버스 없었다면 난 정말 고등학교에 다닐 수 없었을 거야.",
                    "speaker_id": "SD2100096",
                    "start": "529.15901",
                    "end": "536.43900",
                    "note": ""
                },
                {
                    "id": "SDRW2100000096.1.1.99",
                    "form": "맞아 우리 학교는 언덕이 되게 높고 길이 많이 좁았잖아 그래서 그 셔틀버스가 아침에 언덕 올라가는 수고를 덜어줬어.",
                    "original_form": "맞아 우리 학교는 언덕이 되게 높고 길이 많이 쫍았잖아 그래서 그 셔틀버스가 아침에 언덕 올라가는 수고를 덜어줬어.",
                    "speaker_id": "SD2100095",
                    "start": "536.57902",
                    "end": "545.59900",
                    "note": ""
                },
                {
                    "id": "SDRW2100000096.1.1.100",
                    "form": "어 나는 그것보다 약 한 시간 정도를 더 잘 수 있어서 좋았던 거 같아.",
                    "original_form": "어 나는 그것보다 약 한 시간 정도를 더 잘 수 있어서 좋았던 거 같애.",
                    "speaker_id": "SD2100096",
                    "start": "546.15900",
                    "end": "551.09902",
                    "note": ""
                },
                {
                    "id": "SDRW2100000096.1.1.101",
                    "form": "네가 아침에 셔틀 셔틀버스를 타면 좀 일찍 탔지?",
                    "original_form": "너가 아침에 -셔틀- 셔틀버스를 타면 좀 일찍 탔지?",
                    "speaker_id": "SD2100095",
                    "start": "551.56899",
                    "end": "555.42900",
                    "note": ""
                },
                {
                    "id": "SDRW2100000096.1.1.102",
                    "form": "맞아 우리 동네에서 가는 시간도 있었고 그 다음에 셔틀버스가 늦을 거를 예방해서 20분 정도 전에 도착하는 시간표를 가지고 있었거든.",
                    "original_form": "맞아 우리 동네에서 가는 시간도 있었고 그 다음에 셔틀버스가 늦을 거를 예방해서 이십 분 정도 전에 도착하는 시간표를 가지고 있었거든.",
                    "speaker_id": "SD2100096",
                    "start": "555.50902",
                    "end": "565.90901",
                    "note": ""
                },
                {
                    "id": "SDRW2100000096.1.1.103",
                    "form": "아 셔틀버스를 타면 좋지만 나는 너무 빨리 도착해서 그 점이 싫었어.",
                    "original_form": "아 셔틀버스를 타면 좋지만 나는 너무 빨리 도착해서 그 점이 싫었어.",
                    "speaker_id": "SD2100095",
                    "start": "566.16902",
                    "end": "571.73899",
                    "note": ""
                },
                {
                    "id": "SDRW2100000096.1.1.104",
                    "form": "맞아 나도 그게 아쉬웠던 점이었 였어.",
                    "original_form": "맞아 나도 그게 아쉬웠던 점이었 였어.",
                    "speaker_id": "SD2100096",
                    "start": "571.90897",
                    "end": "575.22900",
                    "note": ""
                },
                {
                    "id": "SDRW2100000096.1.1.105",
                    "form": "그래서",
                    "original_form": "그래서",
                    "speaker_id": "SD2100096",
                    "start": "575.22900",
                    "end": "576.24902",
                    "note": "발화겹침"
                },
                {
                    "id": "SDRW2100000096.1.1.106",
                    "form": "그래서 택시 타는 거를 난 되게 좋아했던 거 같아 잠을 더 자고 택시를 타는 거를",
                    "original_form": "그래서 택시 타는 거를 난 되게 좋아했던 거 같아 잠을 더 자고 택시를 타는 거를",
                    "speaker_id": "SD2100095",
                    "start": "575.63898",
                    "end": "580.98901",
                    "note": "발화겹침"
                },
                {
                    "id": "SDRW2100000096.1.1.107",
                    "form": "맞아 그래서 내 친구들은 시험 기간만큼은",
                    "original_form": "맞아 그래서 내 친구들은 시험 기간만큼은",
                    "speaker_id": "SD2100096",
                    "start": "581.57898",
                    "end": "585.34902",
                    "note": ""
                },
                {
                    "id": "SDRW2100000096.1.1.108",
                    "form": "택시를 타고 학교에 오더라고",
                    "original_form": "택시를 타고 학교에 오더라고",
                    "speaker_id": "SD2100096",
                    "start": "585.34902",
                    "end": "587.75902",
                    "note": ""
                },
                {
                    "id": "SDRW2100000096.1.1.109",
                    "form": "맞아 택시만큼 편한 게 없다고 봐 난",
                    "original_form": "맞아 택시만큼 편한 게 없다고 봐 난",
                    "speaker_id": "SD2100095",
                    "start": "588.16899",
                    "end": "591.42903",
                    "note": ""
                },
                {
                    "id": "SDRW2100000096.1.1.110",
                    "form": "그런데 택시도 막히면 정말 시 식은 땀이 나지 않니?",
                    "original_form": "그런데 택시도 막히면 정말 -시- 식은 땀이 나지 않니?",
                    "speaker_id": "SD2100096",
                    "start": "591.95900",
                    "end": "596.95902",
                    "note": ""
                },
                {
                    "id": "SDRW2100000096.1.1.111",
                    "form": "그것도 맞아 택시가 막히면 정말 답이 없다고 느껴지긴 하는데 그럴 때 지하철을 타는 것보단 택시를 타고 그나마 마저 달리는 게 더 낫다고 생각해.",
                    "original_form": "그것도 맞아 택시가 막히면 정말 답이 없다고 느껴지긴 하는데 그럴 때 지하철을 타는 것보단 택시를 타고 그나마 마저 달리는 게 더 낫다고 생각해.",
                    "speaker_id": "SD2100095",
                    "start": "597.24900",
                    "end": "608.38901",
                    "note": "발화겹침"
                },
                {
                    "id": "SDRW2100000096.1.1.112",
                    "form": "음 나는",
                    "original_form": "음 나는",
                    "speaker_id": "SD2100096",
                    "start": "608.37900",
                    "end": "609.67899",
                    "note": "발화겹침"
                },
                {
                    "id": "SDRW2100000096.1.1.113",
                    "form": "택시를 타고 막혔던 경험이 있었는데 돈뿐만 아니라 시간까지 놓쳐 버려서",
                    "original_form": "택시를 타고 막혔던 경험이 있었는데 돈뿐만 아니라 시간까지 놓쳐 버려서",
                    "speaker_id": "SD2100096",
                    "start": "609.67899",
                    "end": "616.13898",
                    "note": ""
                },
                {
                    "id": "SDRW2100000096.1.1.114",
                    "form": "두 마리 토끼 다 잃었던 경험이 있어서 굉장히 슬펐어.",
                    "original_form": "두 마리 토끼 다 잃었던 경험이 있어서 굉장히 슬펐어.",
                    "speaker_id": "SD2100096",
                    "start": "616.13898",
                    "end": "620.55898",
                    "note": ""
                },
                {
                    "id": "SDRW2100000096.1.1.115",
                    "form": "우리 이렇게 대중교통 이야기 하니까는 가장 빠른 대중교통이 뭐가 있나 생각해 보니까 케이티엑스가 생각이 난다.",
                    "original_form": "우리 이렇게 대중교통 이야기 하니까는 가장 빠른 대중교통이 뭐가 있나 생각해 보니까 케이티엑스가 생각이 난다.",
                    "speaker_id": "SD2100095",
                    "start": "620.96902",
                    "end": "629.41899",
                    "note": ""
                },
                {
                    "id": "SDRW2100000096.1.1.116",
                    "form": "어 케이티엑스로 되게 많은 곳을 갔던 거 같은데 요즘 케이티엑스비도 만만치 않게 비싸졌더라고.",
                    "original_form": "어 케이티엑스로 되게 많은 곳을 갔던 거 같은데 요즘 케이티엑스비도 만만치 않게 비싸졌더라고.",
                    "speaker_id": "SD2100096",
                    "start": "630.09899",
                    "end": "637.94899",
                    "note": ""
                },
                {
                    "id": "SDRW2100000096.1.1.117",
                    "form": "케이티엑스가 빠르다는 장점이 있는데",
                    "original_form": "케이티엑스가 빠르다는 장점이 있는데",
                    "speaker_id": "SD2100095",
                    "start": "638.17903",
                    "end": "642.21897",
                    "note": ""
                },
                {
                    "id": "SDRW2100000096.1.1.118",
                    "form": "나는 약간 요금 부 요금적인 부분에서 많이 부담이 돼서 케이티엑스는 많이 타 본 적이 없고 어렸을 때",
                    "original_form": "나는 약간 요금 부 요금적인 부분에서 많이 부담이 돼서 케이티엑스는 많이 타 본 적이 없고 어렸을 때",
                    "speaker_id": "SD2100095",
                    "start": "642.21897",
                    "end": "651.25897",
                    "note": ""
                },
                {
                    "id": "SDRW2100000096.1.1.119",
                    "form": "그런 비슷한 기차 열차를 타고 놀러 간 적이 있어.",
                    "original_form": "그런 비슷한 기차 열차를 타고 놀러 간 적이 있어.",
                    "speaker_id": "SD2100095",
                    "start": "651.25897",
                    "end": "654.95901",
                    "note": ""
                },
                {
                    "id": "SDRW2100000096.1.1.120",
                    "form": "요즘에 대체제로 에스알티도 생겼는데 가격이 다 비슷해 지면서 오히려 비행기가 더 쌌던 경험이 많아.",
                    "original_form": "요즘에 대체제로 에스알티도 생겼는데 가격이 다 비슷해 지면서 오히려 비행기가 더 쌌던 경험이 많아.",
                    "speaker_id": "SD2100096",
                    "start": "655.27902",
                    "end": "663.66899",
                    "note": ""
                },
                {
                    "id": "SDRW2100000096.1.1.121",
                    "form": "요즘 비행기도 저렴한 거면 한 3만 원 대 정도 있는 거 있지 않아?",
                    "original_form": "요즘 비행기도 저렴한 거면 한 삼만 원 대 정도 있는 거 있지 않아?",
                    "speaker_id": "SD2100095",
                    "start": "663.98900",
                    "end": "669.48900",
                    "note": "발화겹침"
                },
                {
                    "id": "SDRW2100000096.1.1.122",
                    "form": "맞아 맞아 그래서 이번에 내가 부산에 다녀왔는데 비행기를 타고 갔었어.",
                    "original_form": "맞아 맞아 그래서 이번에 내가 부산에 다녀왔는데 비행기를 타고 갔었어.",
                    "speaker_id": "SD2100096",
                    "start": "669.47899",
                    "end": "675.21898",
                    "note": "발화겹침"
                },
                {
                    "id": "SDRW2100000096.1.1.123",
                    "form": "어.",
                    "original_form": "어.",
                    "speaker_id": "SD2100095",
                    "start": "673.16899",
                    "end": "674.34899",
                    "note": "발화겹침"
                },
                {
                    "id": "SDRW2100000096.1.1.124",
                    "form": "그러면 얼마가 들은 거야?",
                    "original_form": "그러면 얼마가 들은 거야?",
                    "speaker_id": "SD2100095",
                    "start": "675.47899",
                    "end": "677.41902",
                    "note": ""
                },
                {
                    "id": "SDRW2100000096.1.1.125",
                    "form": "어 보통 에스알티나 케이티엑스를 타면 4만 5천 원 이상이 들었는데",
                    "original_form": "어 보통 에스알티나 케이티엑스를 타면 사만 오천 원 이상이 들었는데",
                    "speaker_id": "SD2100096",
                    "start": "677.85902",
                    "end": "684.31754",
                    "note": ""
                },
                {
                    "id": "SDRW2100000096.1.1.126",
                    "form": "이번에 비행기를 3만 원 대 비행기를 잡아서 10만 원이 좀 안 나오게 교통비에 들었던 거 같아.",
                    "original_form": "이번에 비행기를 삼만 원 대 비행기를 잡아서 십만 원이 좀 안 나오게 교통비에 들었던 거 같애.",
                    "speaker_id": "SD2100096",
                    "start": "684.31754",
                    "end": "691.65900",
                    "note": ""
                },
                {
                    "id": "SDRW2100000096.1.1.127",
                    "form": "혹시 그렇게 저렴하게 돈을 내고 탈 수 있는 너만의 좋은 방법이 있을까?",
                    "original_form": "혹시 그렇게 저렴하게 돈을 내고 탈 수 있는 너만의 좋은 방법이 있을까?",
                    "speaker_id": "SD2100095",
                    "start": "692.30902",
                    "end": "698.23898",
                    "note": ""
                },
                {
                    "id": "SDRW2100000096.1.1.128",
                    "form": "어 좀 단점이지만 좌석을 정하지 않는 할인석이나 특가석이 있는데 그걸 잡으면",
                    "original_form": "어 좀 단점이지만 좌석을 정하지 않는 할인석이나 특가석이 있는데 그걸 잡으면",
                    "speaker_id": "SD2100096",
                    "start": "698.49899",
                    "end": "705.89897",
                    "note": ""
                },
                {
                    "id": "SDRW2100000096.1.1.129",
                    "form": "어 원하는 자리는 아니더라도 많은 많이 싼 가격에 갈 수 있는 거 같아.",
                    "original_form": "어 원하는 자리는 아니더라도 많은 많이 싼 가격에 갈 수 있는 거 같애.",
                    "speaker_id": "SD2100096",
                    "start": "705.89897",
                    "end": "711.24897",
                    "note": ""
                },
                {
                    "id": "SDRW2100000096.1.1.130",
                    "form": "아 그러면 우리같이 학생인 친구들에게 그런 자리는 되게 좋구나.",
                    "original_form": "아 그러면 우리같이 학생인 친구들에게 그런 자리는 되게 좋구나.",
                    "speaker_id": "SD2100095",
                    "start": "711.65901",
                    "end": "717.79899",
                    "note": ""
                },
                {
                    "id": "SDRW2100000096.1.1.131",
                    "form": "맞아 좀 원하는 자리에 가려면 좀 일찍 체크인하면 원하는 하늘 창가 쪽 자리에 앉을 수도 있어.",
                    "original_form": "맞아 좀 원하는 자리에 갈려면 좀 일찍 체크인하면 원하는 하늘 창가 쪽 자리에 앉을 수도 있어.",
                    "speaker_id": "SD2100096",
                    "start": "718.02903",
                    "end": "724.88898",
                    "note": ""
                },
                {
                    "id": "SDRW2100000096.1.1.132",
                    "form": "나는 비행기를 타고 제주도를 진짜 가고 싶어.",
                    "original_form": "나는 비행기를 타고 제주도를 진짜 가고 싶어.",
                    "speaker_id": "SD2100095",
                    "start": "725.29901",
                    "end": "729.15902",
                    "note": ""
                },
                {
                    "id": "SDRW2100000096.1.1.133",
                    "form": "맞아.",
                    "original_form": "맞아.",
                    "speaker_id": "SD2100096",
                    "start": "729.77902",
                    "end": "730.66899",
                    "note": ""
                },
                {
                    "id": "SDRW2100000096.1.1.134",
                    "form": "제주도는 비행기를 타고 가야 조금 더 낭만적이고 기쁜 거 같아.",
                    "original_form": "제주도는 비행기를 타고 가야 쪼끔 더 낭만적이고 기쁜 거 같애.",
                    "speaker_id": "SD2100096",
                    "start": "730.66899",
                    "end": "735.92903",
                    "note": ""
                },
                {
                    "id": "SDRW2100000096.1.1.135",
                    "form": "제주도를 일단 비행기를 탄 다음에 내리면 제주도는 또 택시 요금이 서울보다 많이 싸.",
                    "original_form": "제주도를 일단 비행기를 탄 다음에 내리면 제주도는 또 택시 요금이 서울보다 많이 싸.",
                    "speaker_id": "SD2100095",
                    "start": "736.18898",
                    "end": "742.83903",
                    "note": ""
                },
                {
                    "id": "SDRW2100000096.1.1.136",
                    "form": "아 정말 나는 몰랐던 사실인데 나는 비행기를 타고 제주도를 가면 가장 먼저 해보고 싶은 것이 헬로우 제주가 있는 그 돌하르방 옆에서 사진을 찍고 싶어.",
                    "original_form": "아 정말 나는 몰랐던 사실인데 나는 비행기를 타고 제주도를 가면 가장 먼저 해보고 싶은 것이 헬로우 제주가 있는 그 돌하르방 옆에서 사진을 찍고 싶어.",
                    "speaker_id": "SD2100096",
                    "start": "743.60898",
                    "end": "755.17902",
                    "note": ""
                },
                {
                    "id": "SDRW2100000096.1.1.137",
                    "form": "아 그러면은 제주 공항이랑 가려면은 그거도 대중교통을 타야 될 텐데 타면은 뭘 타고 갈 거야 만약에?",
                    "original_form": "아 그러면은 제주 공항이랑 갈려면은 그거도 대중교통을 타야 될 텐데 타면은 뭘 타고 갈 거야 만약에?",
                    "speaker_id": "SD2100095",
                    "start": "755.82898",
                    "end": "764.63900",
                    "note": ""
                },
                {
                    "id": "SDRW2100000096.1.1.138",
                    "form": "어 어디서부터 어디까지?",
                    "original_form": "어 어디서부터 어디까지?",
                    "speaker_id": "SD2100096",
                    "start": "765.37899",
                    "end": "767.19902",
                    "note": ""
                },
                {
                    "id": "SDRW2100000096.1.1.139",
                    "form": "공항에서 네가 가고 싶다는 곳.",
                    "original_form": "공항에서 너가 가고 싶다는 곳.",
                    "speaker_id": "SD2100095",
                    "start": "767.21898",
                    "end": "769.18898",
                    "note": ""
                },
                {
                    "id": "SDRW2100000096.1.1.140",
                    "form": "어 나는 렌트카를 빌릴 거 같아.",
                    "original_form": "어 나는 렌트카를 빌릴 거 같애.",
                    "speaker_id": "SD2100096",
                    "start": "769.59901",
                    "end": "772.25901",
                    "note": ""
                },
                {
                    "id": "SDRW2100000096.1.1.141",
                    "form": "너는 지금 면허가 있니?",
                    "original_form": "너는 지금 면허가 있니?",
                    "speaker_id": "SD2100095",
                    "start": "772.93900",
                    "end": "774.81897",
                    "note": ""
                },
                {
                    "id": "SDRW2100000096.1.1.142",
                    "form": "아니 아직 없지만 곧 딸 예정이야.",
                    "original_form": "아니 아직 없지만 곧 딸 예정이야.",
                    "speaker_id": "SD2100096",
                    "start": "775.07898",
                    "end": "778.23901",
                    "note": "발화겹침"
                },
                {
                    "id": "SDRW2100000096.1.1.143",
                    "form": "면허 따는 것도 진짜 쉽지 않은 거 같아 차를 운전해야 되잖아.",
                    "original_form": "면허 따는 것도 진짜 쉽지 않은 거 같아 차를 운전해야 되잖아.",
                    "speaker_id": "SD2100095",
                    "start": "777.11902",
                    "end": "783.12903",
                    "note": "발화겹침"
                },
                {
                    "id": "SDRW2100000096.1.1.144",
                    "form": "맞아 사실 면허증을 따고 나서도 운전을 잘 못하는 경우를 내가 많이 봤어.",
                    "original_form": "맞아 사실 면허증을 따고 나서도 운전을 잘 못하는 경우를 내가 많이 봤어.",
                    "speaker_id": "SD2100096",
                    "start": "783.23901",
                    "end": "789.49899",
                    "note": ""
                },
                {
                    "id": "SDRW2100000096.1.1.145",
                    "form": "나도 따야겠다고 마음은 먹었는데 아직은 많이 무섭고 잘 안 하게 돼.",
                    "original_form": "나도 따야겠다고 마음은 먹었는데 아직은 많이 무섭고 잘 안 하게 돼.",
                    "speaker_id": "SD2100095",
                    "start": "789.93899",
                    "end": "795.80901",
                    "note": ""
                },
                {
                    "id": "SDRW2100000096.1.1.146",
                    "form": "맞아 맞아.",
                    "original_form": "맞아 맞아.",
                    "speaker_id": "SD2100096",
                    "start": "796.60900",
                    "end": "797.70900",
                    "note": ""
                },
                {
                    "id": "SDRW2100000096.1.1.147",
                    "form": "차를 운전하는 거 자체가 사실은 되게 대단한 일이 었다는 걸 최근에 알았어.",
                    "original_form": "차를 운전하는 거 자체가 사실은 되게 대단한 일이 었다는 걸 최근에 알았어.",
                    "speaker_id": "SD2100096",
                    "start": "797.70900",
                    "end": "803.41898",
                    "note": ""
                },
                {
                    "id": "SDRW2100000096.1.1.148",
                    "form": "차를 운전하는 거에 있어서 배워야 될 공부도 있고 봐야 될 시험도 있어서",
                    "original_form": "차를 운전하는 거에 있어서 배워야 될 공부도 있고 봐야 될 시험도 있어서",
                    "speaker_id": "SD2100095",
                    "start": "803.82902",
                    "end": "809.91071",
                    "note": ""
                },
                {
                    "id": "SDRW2100000096.1.1.149",
                    "form": "차를 운전해서 내가 가고 싶은 곳을 갈 수 있다는 거는 참 좋지만",
                    "original_form": "차를 운전해서 내가 가고 싶은 곳을 갈 수 있다는 거는 참 좋지만",
                    "speaker_id": "SD2100095",
                    "start": "809.91071",
                    "end": "814.55095",
                    "note": ""
                },
                {
                    "id": "SDRW2100000096.1.1.150",
                    "form": "사고가 날 경우를 생각하면 좀 무섭다.",
                    "original_form": "사고가 날 경우를 생각하면 좀 무섭다.",
                    "speaker_id": "SD2100095",
                    "start": "814.55095",
                    "end": "817.66899",
                    "note": ""
                },
                {
                    "id": "SDRW2100000096.1.1.151",
                    "form": "맞아 사실 내 차가 고장나는 것뿐만 아니라 상대방 차가 고장 나는 것까지 생각한다면",
                    "original_form": "맞아 사실 내 차가 고장나는 것뿐만 아니라 상대방 차가 고장 나는 것까지 생각한다면",
                    "speaker_id": "SD2100096",
                    "start": "818.13903",
                    "end": "825.02193",
                    "note": ""
                },
                {
                    "id": "SDRW2100000096.1.1.152",
                    "form": "돈뿐만 아니라 목숨까지 위험한 상황이 올 수도 있기 때문에 굉장히 조심해야 되는 거 같아.",
                    "original_form": "돈뿐만 아니라 목숨까지 위험한 상황이 올 수도 있기 때문에 굉장히 조심해야 되는 거 같애.",
                    "speaker_id": "SD2100096",
                    "start": "825.02193",
                    "end": "831.51902",
                    "note": ""
                },
                {
                    "id": "SDRW2100000096.1.1.153",
                    "form": "너는 그러면 죽기 전에 한 번쯤은 꼭 타보고 싶은 차 있어?",
                    "original_form": "너는 그러면 죽기 전에 한 번쯤은 꼭 타보고 싶은 차 있어?",
                    "speaker_id": "SD2100095",
                    "start": "831.92899",
                    "end": "836.56897",
                    "note": ""
                },
                {
                    "id": "SDRW2100000096.1.1.154",
                    "form": "어 나는",
                    "original_form": "어 나는",
                    "speaker_id": "SD2100096",
                    "start": "837.06897",
                    "end": "838.55898",
                    "note": ""
                },
                {
                    "id": "SDRW2100000096.1.1.155",
                    "form": "어 비엠더블유가 가장 타 보고 싶어.",
                    "original_form": "어 비엠더블유가 가장 타 보고 싶어.",
                    "speaker_id": "SD2100096",
                    "start": "838.55898",
                    "end": "842.37902",
                    "note": ""
                },
                {
                    "id": "SDRW2100000096.1.1.156",
                    "form": "아 그 이유는 뭐야?",
                    "original_form": "아 그 이유는 뭐야?",
                    "speaker_id": "SD2100095",
                    "start": "843.05901",
                    "end": "845.08900",
                    "note": ""
                },
                {
                    "id": "SDRW2100000096.1.1.157",
                    "form": "어 좀 더 뭔가",
                    "original_form": "어 좀 더 뭔가",
                    "speaker_id": "SD2100096",
                    "start": "845.10902",
                    "end": "847.58903",
                    "note": ""
                },
                {
                    "id": "SDRW2100000096.1.1.158",
                    "form": "되게",
                    "original_form": "되게",
                    "speaker_id": "SD2100096",
                    "start": "847.58903",
                    "end": "848.97900",
                    "note": ""
                },
                {
                    "id": "SDRW2100000096.1.1.159",
                    "form": "중후한 느낌이 나는 마음에 들었던 거 같아.",
                    "original_form": "중후한 느낌이 나는 마음에 들었던 거 같애.",
                    "speaker_id": "SD2100096",
                    "start": "848.97900",
                    "end": "851.98898",
                    "note": ""
                },
                {
                    "id": "SDRW2100000096.1.1.160",
                    "form": "그렇구나 나는 값진 차를 타 보고 싶은데 값지고 튼튼한 차를 타보고 싶어.",
                    "original_form": "그렇구나 나는 값진 차를 타 보고 싶은데 값지고 튼튼한 차를 타보고 싶어.",
                    "speaker_id": "SD2100095",
                    "start": "852.30898",
                    "end": "859.01897",
                    "note": ""
                },
                {
                    "id": "SDRW2100000096.1.1.161",
                    "form": "아 맞아 요즘 20대 여자들의 가장 로망인 차가 각진 에스유브이 차량이라고 하더라고.",
                    "original_form": "아 맞아 요즘 이십 대 여자들의 가장 로망인 차가 각진 에스유브이 차량이라고 하더라고.",
                    "speaker_id": "SD2100096",
                    "start": "859.27898",
                    "end": "865.89900",
                    "note": ""
                },
                {
                    "id": "SDRW2100000096.1.1.162",
                    "form": "아 그래 나는",
                    "original_form": "아 그래 나는",
                    "speaker_id": "SD2100095",
                    "start": "866.06898",
                    "end": "867.91898",
                    "note": ""
                },
                {
                    "id": "SDRW2100000096.1.1.163",
                    "form": "그 차를 타려면 돈을 열심히 모아야겠다고 생각이 들어.",
                    "original_form": "그 차를 탈려면 돈을 열심히 모아야겠다고 생각이 들어.",
                    "speaker_id": "SD2100095",
                    "start": "867.91898",
                    "end": "872.66901",
                    "note": ""
                },
                {
                    "id": "SDRW2100000096.1.1.164",
                    "form": "어 이렇게 대중교통에 대해서 이야기를 해 봤는데",
                    "original_form": "어 이렇게 대중교통에 대해서 이야기를 해 봤는데",
                    "speaker_id": "SD2100096",
                    "start": "873.31897",
                    "end": "877.26778",
                    "note": ""
                },
                {
                    "id": "SDRW2100000096.1.1.165",
                    "form": "우리가 택시 얘기도 하고 비행기 얘기도 하고 기차 얘기도 하고 이렇게 운전면허 같은 거에 대해서 얘기를 해 봤는데",
                    "original_form": "우리가 택시 얘기도 하고 비행기 얘기도 하고 기차 얘기도 하고 이렇게 운전면허 같은 거에 대해서 얘기를 해 봤는데",
                    "speaker_id": "SD2100096",
                    "start": "877.26778",
                    "end": "885.25559",
                    "note": ""
                },
                {
                    "id": "SDRW2100000096.1.1.166",
                    "form": "세상에 대중교통이 참 많고 어딜 가는 거에 대해서",
                    "original_form": "세상에 대중교통이 참 많고 어딜 가는 거에 대해서",
                    "speaker_id": "SD2100096",
                    "start": "885.25559",
                    "end": "889.40901",
                    "note": ""
                },
                {
                    "id": "SDRW2100000096.1.1.167",
                    "form": "되게 쉽게 접근성이 높다는 게 되게 좋았던 거 같아.",
                    "original_form": "되게 쉽게 접근성이 높다는 게 되게 좋았던 거 같애.",
                    "speaker_id": "SD2100096",
                    "start": "889.40901",
                    "end": "892.80900",
                    "note": ""
                },
                {
                    "id": "SDRW2100000096.1.1.168",
                    "form": "맞아 나도 좋았어.",
                    "original_form": "맞아 나도 좋았어.",
                    "speaker_id": "SD2100095",
                    "start": "893.03898",
                    "end": "895.06897",
                    "note": ""
                }
            ]
        }
    ]
}