{
    "id": "SDRW2100000014",
    "metadata": {
        "title": "국립국어원 구어 말뭉치 SDRW2100000014",
        "creator": "국립국어원",
        "distributor": "국립국어원",
        "year": "2021",
        "category": "구어 > 사적대화 > 일상대화",
        "annotation_level": [
            "원시"
        ],
        "sampling": "본문 전체"
    },
    "document": [
        {
            "id": "SDRW2100000014.1",
            "metadata": {
                "title": "2인 일상 대화",
                "author": "개인 발화자",
                "publisher": "개인 발화 녹음",
                "date": "20210809",
                "topic": "먹거리 > 복날 가족식사메뉴 선택",
                "speaker": [
                    {
                        "id": "SD2100013",
                        "age": "50대",
                        "occupation": "주부",
                        "sex": "여성",
                        "birthplace": "서울",
                        "principal_residence": "서울",
                        "current_residence": "서울",
                        "education": "고졸"
                    },
                    {
                        "id": "SD2100014",
                        "age": "50대",
                        "occupation": "주부",
                        "sex": "여성",
                        "birthplace": "서울",
                        "principal_residence": "서울",
                        "current_residence": "서울",
                        "education": "고졸"
                    }
                ],
                "setting": {
                    "relation": "모임_동아리 지인"
                }
            },
            "utterance": [
                {
                    "id": "SDRW2100000014.1.1.1",
                    "form": "언니 날씨 되게 더워서 입맛도 없는데 요새 뭐 해 먹어?",
                    "original_form": "언니 날씨 되게 더워서 입맛도 없는데 요새 뭐 해 먹어?",
                    "speaker_id": "SD2100014",
                    "start": "2.35900",
                    "end": "6.70000",
                    "note": ""
                },
                {
                    "id": "SDRW2100000014.1.1.2",
                    "form": "나는 입맛은 없진 않아. 날이 더워도 어 너무 많이 먹어 가지고 소화제를 먹었다니까 오늘은",
                    "original_form": "나는 입맛은 없진 않아. 날이 더워도 어~ 너무 많이 먹어 가지고 소화제를 먹었다니까 오늘은",
                    "speaker_id": "SD2100013",
                    "start": "7.44000",
                    "end": "13.69900",
                    "note": ""
                },
                {
                    "id": "SDRW2100000014.1.1.3",
                    "form": "그래서",
                    "original_form": "그래서",
                    "speaker_id": "SD2100013",
                    "start": "13.69900",
                    "end": "14.75857",
                    "note": ""
                },
                {
                    "id": "SDRW2100000014.1.1.4",
                    "form": "요즘은 날이 더워서 나는 옛날에는 집에서 이렇게 음식을 많이 해 먹었는데",
                    "original_form": "요즘은 날이 더워서 나는 옛날에는 집에서 이렇게 음식을 많이 해 먹었는데",
                    "speaker_id": "SD2100013",
                    "start": "14.75857",
                    "end": "20.10900",
                    "note": ""
                },
                {
                    "id": "SDRW2100000014.1.1.5",
                    "form": "요즘은 날 더울 때는 언젠가부터 너무 짜증이 나는 거야. 그래서",
                    "original_form": "요즘은 날 더울 때는 언젠가부터 너무 짜증이 나는 거야. 그래서",
                    "speaker_id": "SD2100013",
                    "start": "20.10900",
                    "end": "24.93592",
                    "note": ""
                },
                {
                    "id": "SDRW2100000014.1.1.6",
                    "form": "나 혼자만 집에서 계속 힘들게 왔다 갔다 왔다 갔다 하고 남들은",
                    "original_form": "나 혼자만 집에서 계속 힘들게 왔다 갔다 왔다 갔다 하고 남들은",
                    "speaker_id": "SD2100013",
                    "start": "24.93592",
                    "end": "30.03000",
                    "note": ""
                },
                {
                    "id": "SDRW2100000014.1.1.7",
                    "form": "애들이랑 남편은 무슨 참새도 아니고 입만 벌리고 있고 그래서 어느 날부터",
                    "original_form": "애들이랑 남편은 무슨 참새도 아니고 입만 벌리고 있고 그래서 어느 날부터",
                    "speaker_id": "SD2100013",
                    "start": "30.03000",
                    "end": "35.35000",
                    "note": ""
                },
                {
                    "id": "SDRW2100000014.1.1.8",
                    "form": "지금 코로나 때문에 많이들 힘들고 다들 배달음식을 시켜 먹잖아. 그래서",
                    "original_form": "지금 코로나 때문에 많이들 힘들고 다들 배달음식을 시켜 먹잖아. 그래서",
                    "speaker_id": "SD2100013",
                    "start": "35.35000",
                    "end": "41.57000",
                    "note": ""
                },
                {
                    "id": "SDRW2100000014.1.1.9",
                    "form": "요즘에 배달 음식을 시켜 먹었지. 그래서 주말이면",
                    "original_form": "요즘에 배달 음식을 시켜 먹었지. 그래서 주말이면",
                    "speaker_id": "SD2100013",
                    "start": "41.57000",
                    "end": "44.91000",
                    "note": ""
                },
                {
                    "id": "SDRW2100000014.1.1.10",
                    "form": "피자도 시켜 먹고 치킨도 시켜 먹고 짜장면도 시켜 먹고 이러거든. 배달 어플 다 있잖아. 너도 있지?",
                    "original_form": "피자도 시켜 먹고 치킨도 시켜 먹고 짜장면도 시켜 먹고 이러거든. 배달 어플 타 있잖아. 너도 있지?",
                    "speaker_id": "SD2100013",
                    "start": "44.91000",
                    "end": "51.67000",
                    "note": ""
                },
                {
                    "id": "SDRW2100000014.1.1.11",
                    "form": "배달 어플 있는데 이제 배달도 하루 이틀이지 질리더라고. 그래서",
                    "original_form": "배달 어플 있는데 이제 배달도 하루 이틀이지 질리더라고. 그래서",
                    "speaker_id": "SD2100014",
                    "start": "52.38000",
                    "end": "57.53769",
                    "note": ""
                },
                {
                    "id": "SDRW2100000014.1.1.12",
                    "form": "어저께는 왜 언니가 며칠 전에 얘기했잖아. 가락시장에서",
                    "original_form": "어저께는 왜 언니가 며칠 전에 얘기했잖아. 가락시장에서",
                    "speaker_id": "SD2100014",
                    "start": "57.53769",
                    "end": "61.71000",
                    "note": ""
                },
                {
                    "id": "SDRW2100000014.1.1.13",
                    "form": "삼겹살 한 근에 만 9천 6백 원 주고 샀다고.",
                    "original_form": "삼겹살 한 근에 만구천육백 원 주고 샀다고.",
                    "speaker_id": "SD2100014",
                    "start": "61.71000",
                    "end": "65.23000",
                    "note": ""
                },
                {
                    "id": "SDRW2100000014.1.1.14",
                    "form": "근데 우리가 그 며칠 전에",
                    "original_form": "근데 우리가 그 며칠 전에",
                    "speaker_id": "SD2100014",
                    "start": "65.23000",
                    "end": "67.25000",
                    "note": ""
                },
                {
                    "id": "SDRW2100000014.1.1.15",
                    "form": "한 근에 만 6천 얼마를 샀거든.",
                    "original_form": "한 근에 만 육천 얼마를 샀거든.",
                    "speaker_id": "SD2100014",
                    "start": "67.25000",
                    "end": "70.62000",
                    "note": ""
                },
                {
                    "id": "SDRW2100000014.1.1.16",
                    "form": "그래서 어저께",
                    "original_form": "그래서 어저께",
                    "speaker_id": "SD2100014",
                    "start": "70.62000",
                    "end": "72.31000",
                    "note": ""
                },
                {
                    "id": "SDRW2100000014.1.1.17",
                    "form": "다 애들이랑 집에 있는데 뭐 먹을 게 없는 거. 그래서",
                    "original_form": "다 애들이랑 집에 있는데 뭐 먹을 게 없는 거. 그래서",
                    "speaker_id": "SD2100014",
                    "start": "72.31000",
                    "end": "76.10231",
                    "note": ""
                },
                {
                    "id": "SDRW2100000014.1.1.18",
                    "form": "삼겹살을 구워 먹을까 뭘 할까 하다가 장 봐 오라고",
                    "original_form": "삼겹살을 궈 먹을까 뭘 할까 하다가 장 봐 오라고",
                    "speaker_id": "SD2100014",
                    "start": "76.10231",
                    "end": "80.31000",
                    "note": ""
                },
                {
                    "id": "SDRW2100000014.1.1.19",
                    "form": "신랑보고 장 봐 갖고 장 봐서 오라고 그랬더니 오징어랑 삼겹살 얇은 거를 한돈에서 나온 걸 사 갖고 온 거야.",
                    "original_form": "신랑보고 장 봐 갖고 장 봐서 오라고 그랬더니 오징어랑 삼겹살 얇은 거를 한돈에서 나온 걸 사 갖고 온 거야.",
                    "speaker_id": "SD2100014",
                    "start": "80.31000",
                    "end": "90.16000",
                    "note": ""
                },
                {
                    "id": "SDRW2100000014.1.1.20",
                    "form": "그래 갖고 오징어 오삼불고기",
                    "original_form": "그래 갖고 오징어 오삼불고기",
                    "speaker_id": "SD2100014",
                    "start": "90.16000",
                    "end": "93.14000",
                    "note": ""
                },
                {
                    "id": "SDRW2100000014.1.1.21",
                    "form": "그랬더니 그것도 야채랑 싸서 먹으니까 한 끼 괜찮더라고 먹을 만하더라고.",
                    "original_form": "그랬더니 그것도 야채랑 싸서 먹으니까 한 끼 괜찮더라고 먹을 만하더라고.",
                    "speaker_id": "SD2100014",
                    "start": "93.14000",
                    "end": "99.39000",
                    "note": ""
                },
                {
                    "id": "SDRW2100000014.1.1.22",
                    "form": "요즘에는 양념도 나는 양념에 너무 자신이 없어서",
                    "original_form": "요즘에는 양념도 나는 양념에 너무 자신이 없어서",
                    "speaker_id": "SD2100013",
                    "start": "100.13000",
                    "end": "104.53000",
                    "note": ""
                },
                {
                    "id": "SDRW2100000014.1.1.23",
                    "form": "비빔국수를 할 때도 거기서",
                    "original_form": "비빔국수를 할 때도 거기서",
                    "speaker_id": "SD2100013",
                    "start": "104.53000",
                    "end": "106.82000",
                    "note": ""
                },
                {
                    "id": "SDRW2100000014.1.1.24",
                    "form": "브랜드에서 나온 비빔국수 양념장만 팔거든.",
                    "original_form": "브랜드에서 나온 비빔국수 양념짱만 팔거든.",
                    "speaker_id": "SD2100013",
                    "start": "106.82000",
                    "end": "110.10000",
                    "note": ""
                },
                {
                    "id": "SDRW2100000014.1.1.25",
                    "form": "그리고 그런 이제 뭐 아까 내가 오삼불고기를 해 먹었다 했잖아.",
                    "original_form": "그리고 그런 이제 ((뭐)) 아까 내가 오삼불고기를 해 먹었다 했잖아.",
                    "speaker_id": "SD2100013",
                    "start": "110.10000",
                    "end": "115.78462",
                    "note": ""
                },
                {
                    "id": "SDRW2100000014.1.1.26",
                    "form": "오삼불고기에 들어가는 양념장을 또 다다미나 아니면은",
                    "original_form": "오삼불고기에 들어가는 양념장을 또 다다미나 아니면은",
                    "speaker_id": "SD2100013",
                    "start": "115.78462",
                    "end": "120.23000",
                    "note": ""
                },
                {
                    "id": "SDRW2100000014.1.1.27",
                    "form": "다른 곳에",
                    "original_form": "다른 곳에",
                    "speaker_id": "SD2100013",
                    "start": "120.23000",
                    "end": "121.41000",
                    "note": ""
                },
                {
                    "id": "SDRW2100000014.1.1.28",
                    "form": "저 팔아.",
                    "original_form": "저 팔아.",
                    "speaker_id": "SD2100013",
                    "start": "121.41000",
                    "end": "122.68000",
                    "note": ""
                },
                {
                    "id": "SDRW2100000014.1.1.29",
                    "form": "요즘에 그걸 많이 활용을 하지.",
                    "original_form": "요즘에 그걸 많이 활용을 하지.",
                    "speaker_id": "SD2100013",
                    "start": "122.68000",
                    "end": "124.91000",
                    "note": ""
                },
                {
                    "id": "SDRW2100000014.1.1.30",
                    "form": "그래서 갈비찜 같은 것도 할 때 그냥 양념 사서 훅 부어 가지고",
                    "original_form": "그래서 갈비찜 같은 것도 할 때 그냥 양념 사서 훅 부어 가지고",
                    "speaker_id": "SD2100013",
                    "start": "124.91000",
                    "end": "129.12000",
                    "note": ""
                },
                {
                    "id": "SDRW2100000014.1.1.31",
                    "form": "그냥 우르르 끓이면 갈비찜이 되고 이래서 요즘에 참 세상 살기 편한 거 같아.",
                    "original_form": "그냥 우르르 끓이면 갈비찜이 되고 이래서 요즘에 참 세상 살기 편한 거 같애.",
                    "speaker_id": "SD2100013",
                    "start": "129.12000",
                    "end": "134.35000",
                    "note": ""
                },
                {
                    "id": "SDRW2100000014.1.1.32",
                    "form": "갈비찜 한번 해 먹어 봐.",
                    "original_form": "갈비찜 한번 해 먹어 봐.",
                    "speaker_id": "SD2100013",
                    "start": "134.35000",
                    "end": "136.12999",
                    "note": ""
                },
                {
                    "id": "SDRW2100000014.1.1.33",
                    "form": "아 그런 거는 내가 안 하고 신랑이 해야지. 나는 내가 맛 내기가 힘들어서 그거는 안 해 봤는데",
                    "original_form": "아 그런 거는 내가 안 하고 신랑이 해야지. 나는 내가 맛 내기가 힘들어서 그거는 안 해 봤는데",
                    "speaker_id": "SD2100014",
                    "start": "137.20000",
                    "end": "144.39000",
                    "note": ""
                },
                {
                    "id": "SDRW2100000014.1.1.34",
                    "form": "그",
                    "original_form": "그~",
                    "speaker_id": "SD2100014",
                    "start": "144.39000",
                    "end": "145.87000",
                    "note": ""
                },
                {
                    "id": "SDRW2100000014.1.1.35",
                    "form": "오 오징어 그것도 그래서",
                    "original_form": "-오- 오징어 그것도 그래서",
                    "speaker_id": "SD2100014",
                    "start": "145.87000",
                    "end": "148.73011",
                    "note": ""
                },
                {
                    "id": "SDRW2100000014.1.1.36",
                    "form": "그 백종원 거 옛날에는 백종원 레시피 해 갖고 많이 찾아봤는데 지금은 유튜브에",
                    "original_form": "그~ 백종원 거 옛날에는 백종원 레시피 해 갖고 많이 찾아봤는데 지금은 유튜브에",
                    "speaker_id": "SD2100014",
                    "start": "148.73011",
                    "end": "155.16000",
                    "note": ""
                },
                {
                    "id": "SDRW2100000014.1.1.37",
                    "form": "저게 있더라고. 1분",
                    "original_form": "저게 있더라고. 일 분",
                    "speaker_id": "SD2100014",
                    "start": "155.16000",
                    "end": "157.66001",
                    "note": ""
                },
                {
                    "id": "SDRW2100000014.1.1.38",
                    "form": "요리해 갖고 하는 사람이 있더라고. 그래서",
                    "original_form": "요리해 갖고 하는 사람이 있더라고. 그래서",
                    "speaker_id": "SD2100014",
                    "start": "157.66001",
                    "end": "160.91769",
                    "note": ""
                },
                {
                    "id": "SDRW2100000014.1.1.39",
                    "form": "말이 1분이지 1분에 어떻게 하냐고 내가 그랬더니 다 준비는 돼 있고 양념도 다 준비되어 있고 만드는 게 1분이래.",
                    "original_form": "말이 일 분이지 일 분에 어떻게 하냐고 내가 그랬더니 다 준비는 돼 있고 양념도 다 준비되어 있고 만드는 게 일 분이래.",
                    "speaker_id": "SD2100014",
                    "start": "160.91769",
                    "end": "169.11001",
                    "note": ""
                },
                {
                    "id": "SDRW2100000014.1.1.40",
                    "form": "그래서 그 사람 거 하니까 백종원 거는 되게 짜서 간이 안 맞았는데",
                    "original_form": "그래서 그 사람 거 하니까 백종원 거는 되게 짜서 간이 안 맞았는데",
                    "speaker_id": "SD2100014",
                    "start": "169.11001",
                    "end": "174.00231",
                    "note": ""
                },
                {
                    "id": "SDRW2100000014.1.1.41",
                    "form": "그 사람 거는 좀 괜찮더라고. 그래서",
                    "original_form": "그 사람 거는 좀 괜찮더라고. 그래서",
                    "speaker_id": "SD2100014",
                    "start": "174.00231",
                    "end": "176.45001",
                    "note": ""
                },
                {
                    "id": "SDRW2100000014.1.1.42",
                    "form": "그거 유튜브 보고 해 갖고 먹었더니 괜찮더라.",
                    "original_form": "그거 유튜브 보고 해 갖고 먹었더니 괜찮더라.",
                    "speaker_id": "SD2100014",
                    "start": "176.45001",
                    "end": "179.67000",
                    "note": ""
                },
                {
                    "id": "SDRW2100000014.1.1.43",
                    "form": "나는 전철에서 집에 갈 때 전철역에서 딱 내리면 요즘에는",
                    "original_form": "나는 전철에서 집에 갈 때 전철역에서 딱 내리면 요즘에는",
                    "speaker_id": "SD2100013",
                    "start": "180.44001",
                    "end": "185.55999",
                    "note": ""
                },
                {
                    "id": "SDRW2100000014.1.1.44",
                    "form": "가게에 레토르트 식품 해 가지고서는",
                    "original_form": "가게에 레토르트 식품 해 가지고서는",
                    "speaker_id": "SD2100013",
                    "start": "185.55999",
                    "end": "188.97923",
                    "note": ""
                },
                {
                    "id": "SDRW2100000014.1.1.45",
                    "form": "준비를 팩에다가 탁 담아서 가져가서 우르르 끓여서만 먹을 수 있게 그렇게 한 데가 문을 열었어 그래서",
                    "original_form": "준비를 팩에다가 탁 담아서 가져가서 우르르 끓여서만 먹을 수 있게 그렇게 한 데가 문을 열었어 그래서",
                    "speaker_id": "SD2100013",
                    "start": "188.97923",
                    "end": "196.39462",
                    "note": ""
                },
                {
                    "id": "SDRW2100000014.1.1.46",
                    "form": "진짜 너무 귀찮고 배달 음식도 너무 물릴 때는 거기서 한 번씩",
                    "original_form": "진짜 너무 귀찮고 배달 음식도 너무 물릴 때는 거기서 한 번씩",
                    "speaker_id": "SD2100013",
                    "start": "196.39462",
                    "end": "200.77000",
                    "note": ""
                },
                {
                    "id": "SDRW2100000014.1.1.47",
                    "form": "하다가 그렇게 끓여 먹으면",
                    "original_form": "하다가 그렇게 끓여 먹으면",
                    "speaker_id": "SD2100013",
                    "start": "200.77000",
                    "end": "203.12000",
                    "note": ""
                },
                {
                    "id": "SDRW2100000014.1.1.48",
                    "form": "낙지볶음도 있고 된장찌개도 있고 별의별 게 다 있는 거야. 일반 반찬도 팔고 그래서",
                    "original_form": "낙지볶음도 있고 된장찌개도 있고 별의별 게 다 있는 거야. 일반 반찬도 팔고 그래서",
                    "speaker_id": "SD2100013",
                    "start": "203.12000",
                    "end": "208.74000",
                    "note": ""
                },
                {
                    "id": "SDRW2100000014.1.1.49",
                    "form": "그거 많이 애용을 하는데 너희 동네는 없어?",
                    "original_form": "그거 많이 애용을 하는데 너희 동네는 없어?",
                    "speaker_id": "SD2100013",
                    "start": "208.74000",
                    "end": "211.32999",
                    "note": ""
                },
                {
                    "id": "SDRW2100000014.1.1.50",
                    "form": "우리 동네는 없는데 그거 나 당산역에서 본 거 같아.",
                    "original_form": "우리 동넨 없는데 그거 나 당산역에서 본 거 같애.",
                    "speaker_id": "SD2100014",
                    "start": "211.79999",
                    "end": "215.42000",
                    "note": ""
                },
                {
                    "id": "SDRW2100000014.1.1.51",
                    "form": "뭐 오늘의 반찬인가 뭐 이래 갖고 밀키트 해 갖고 부대찌개랑 차돌 된장찌개 해 갖고 9900원에 팔더라.",
                    "original_form": "뭐 오늘의 반찬인가 뭐 이래 갖고 밀키트 ((해 갖고)) 부대찌개랑 차돌 된장찌개 해 갖고 구천 구백 원에 팔더라.",
                    "speaker_id": "SD2100014",
                    "start": "215.42000",
                    "end": "224.22000",
                    "note": ""
                },
                {
                    "id": "SDRW2100000014.1.1.52",
                    "form": "다 모든 메뉴가 그래서 그거 사다가 한번 먹어 봤는데",
                    "original_form": "다 모든 메뉴가 그래서 그거 사다가 한번 먹어 봤는데",
                    "speaker_id": "SD2100014",
                    "start": "224.22000",
                    "end": "229.03000",
                    "note": ""
                },
                {
                    "id": "SDRW2100000014.1.1.53",
                    "form": "부대찌개는 그냥 그냥 그런 거 같아. 근데 나중에는 차돌 된장찌개나 뭐",
                    "original_form": "부대찌개는 그냥 그냥 그런 거 같애. 근데 나중에는 차돌 된장찌개나 뭐",
                    "speaker_id": "SD2100014",
                    "start": "229.03000",
                    "end": "234.80000",
                    "note": ""
                },
                {
                    "id": "SDRW2100000014.1.1.54",
                    "form": "스파게티 이런 거는 한번 사볼까 생각 중이야. 근데 우리 동네엔 없어.",
                    "original_form": "스파게티 이런 거는 한번 사볼까 생각 중이야. 근데 우리 동네엔 없어.",
                    "speaker_id": "SD2100014",
                    "start": "234.80000",
                    "end": "239.52000",
                    "note": ""
                },
                {
                    "id": "SDRW2100000014.1.1.55",
                    "form": "그거 체인점이라 찾아보면 여기저기 되게 많아. 그래서",
                    "original_form": "그거 체인점이라 찾아보면 여기저기 되게 많아. 그래서",
                    "speaker_id": "SD2100013",
                    "start": "239.75001",
                    "end": "243.82001",
                    "note": ""
                },
                {
                    "id": "SDRW2100000014.1.1.56",
                    "form": "사다가 별로 맛이 없으면 네가 그냥 엠에스지 좀 첨가해서",
                    "original_form": "사다가 별로 맛이 없으면 너가 그냥 엠에스지 좀 첨가해서",
                    "speaker_id": "SD2100013",
                    "start": "243.82001",
                    "end": "248.69000",
                    "note": ""
                },
                {
                    "id": "SDRW2100000014.1.1.57",
                    "form": "그렇게 먹으면은 가격 대비 너무 좋거든. 아이들도 알 게 뭐야. 내가 했다는데.",
                    "original_form": "그렇게 먹으면은 가격 대비 너무 좋거든. 아이들도 알 게 뭐야. 내가 했다는데.",
                    "speaker_id": "SD2100013",
                    "start": "248.69000",
                    "end": "254.54385",
                    "note": ""
                },
                {
                    "id": "SDRW2100000014.1.1.58",
                    "form": "그냥 먹이면 돼. 계란찜부터 다 팔아. 그래서 너무 좋아.",
                    "original_form": "그냥 먹이면 돼. 계란찜부터 다 팔아. 그래서 너무 좋아.",
                    "speaker_id": "SD2100013",
                    "start": "254.54385",
                    "end": "258.91000",
                    "note": ""
                },
                {
                    "id": "SDRW2100000014.1.1.59",
                    "form": "오 당산역에는 그렇게 메뉴가 막",
                    "original_form": "오~ 당산역에는 그렇게 메뉴가 막",
                    "speaker_id": "SD2100014",
                    "start": "259.29001",
                    "end": "261.71000",
                    "note": ""
                },
                {
                    "id": "SDRW2100000014.1.1.60",
                    "form": "그렇게까지 다양하진 않더라고 생긴 지 얼마 안 됐더라고. 그래서",
                    "original_form": "그렇게까지 다양하진 않더라고 생긴 지 얼마 안 됐더라고. 그래서",
                    "speaker_id": "SD2100014",
                    "start": "261.71000",
                    "end": "266.22154",
                    "note": ""
                },
                {
                    "id": "SDRW2100000014.1.1.61",
                    "form": "거기에서는 반찬이나 이런 거는 없고",
                    "original_form": "거기에서는 반찬이나 이런 거는 없고",
                    "speaker_id": "SD2100014",
                    "start": "266.22154",
                    "end": "269.59424",
                    "note": ""
                },
                {
                    "id": "SDRW2100000014.1.1.62",
                    "form": "그냥 그것만 있었는데 얼마 전에",
                    "original_form": "그냥 그것만 있었는데 얼마 전에",
                    "speaker_id": "SD2100014",
                    "start": "269.59424",
                    "end": "272.62154",
                    "note": ""
                },
                {
                    "id": "SDRW2100000014.1.1.63",
                    "form": "그 체험단 해 갖고 제품 2개를 받아 갖고 먹어 봤는데 뇨끼라고 알아?",
                    "original_form": "그 체험단 해 갖고 제품 두 개를 받아 갖고 먹어 봤는데 뇨끼라고 알아?",
                    "speaker_id": "SD2100014",
                    "start": "272.62154",
                    "end": "277.79899",
                    "note": ""
                },
                {
                    "id": "SDRW2100000014.1.1.64",
                    "form": "그게 뭐야?",
                    "original_form": "그게 뭐야?",
                    "speaker_id": "SD2100013",
                    "start": "278.44899",
                    "end": "279.33900",
                    "note": ""
                },
                {
                    "id": "SDRW2100000014.1.1.65",
                    "form": "이탈리아 수제비래. 그래서",
                    "original_form": "이탈리아 수제비래. 그래서",
                    "speaker_id": "SD2100014",
                    "start": "279.62900",
                    "end": "282.28900",
                    "note": ""
                },
                {
                    "id": "SDRW2100000014.1.1.66",
                    "form": "그거에 대한",
                    "original_form": "그거에 대한",
                    "speaker_id": "SD2100014",
                    "start": "282.28900",
                    "end": "283.58901",
                    "note": ""
                },
                {
                    "id": "SDRW2100000014.1.1.67",
                    "form": "어쨌든 이탈리아 수제비라 그러고 양식이라 그러니까 되게 기대하고 먹었다? 어머 어쩜 그렇게 맛이 없어.",
                    "original_form": "어쨌든 이탈리아 수제비라 그러고 양식이라 그러니까 되게 기대하고 먹었다? 어머 어쩜 그렇게 맛이 없어.",
                    "speaker_id": "SD2100014",
                    "start": "283.58901",
                    "end": "291.09899",
                    "note": ""
                },
                {
                    "id": "SDRW2100000014.1.1.68",
                    "form": "그거야 뭐 이탈리아 사람들 입맛에 맞췄겠지.",
                    "original_form": "그거야 뭐 이탈리아 사람들 입맛에 맞췄겠지.",
                    "speaker_id": "SD2100013",
                    "start": "291.83901",
                    "end": "295.42900",
                    "note": ""
                },
                {
                    "id": "SDRW2100000014.1.1.69",
                    "form": "그런 거 같아. 그래 가지고 이게 감자로 만들었다 그러는데 감자전분이 완전히 떡처럼",
                    "original_form": "그런 거 같애. 그래 가지고 이게 감자로 만들었다 그러는데 감자전분이 완전히 떡처럼",
                    "speaker_id": "SD2100014",
                    "start": "296.07899",
                    "end": "302.64438",
                    "note": ""
                },
                {
                    "id": "SDRW2100000014.1.1.70",
                    "form": "너무 단단한 거야. 그래서 차라리 이걸 먹니 내가 차라리 스파게티를 먹지.",
                    "original_form": "너무 단단한 거야. 그래서 차라리 이걸 먹니 내가 차라리 스파게티를 먹지.",
                    "speaker_id": "SD2100014",
                    "start": "302.64438",
                    "end": "308.46899",
                    "note": ""
                },
                {
                    "id": "SDRW2100000014.1.1.71",
                    "form": "그래 가지고 그냥 한두 입 먹고서 애들도 안 먹더라고. 그래서 그냥 버렸는데",
                    "original_form": "그래 가지고 그냥 한두 입 먹고서 애들도 안 먹더라고. 그래서 그냥 버렸는데",
                    "speaker_id": "SD2100014",
                    "start": "308.46899",
                    "end": "313.06515",
                    "note": ""
                },
                {
                    "id": "SDRW2100000014.1.1.72",
                    "form": "야 뭐 그렇다고 그게 저거야. 홈플러스에서 피비 상품으로 해서",
                    "original_form": "야~ 뭐 그렇다고 그게 저거야. 홈플러스에서 피비 상품으로 해서",
                    "speaker_id": "SD2100014",
                    "start": "313.06515",
                    "end": "318.91515",
                    "note": ""
                },
                {
                    "id": "SDRW2100000014.1.1.73",
                    "form": "그냥 전자레인지에다 데워 먹기만 하면 되는 건데",
                    "original_form": "그냥 전자레인지에다 데펴 먹기만 하면 되는 건데",
                    "speaker_id": "SD2100014",
                    "start": "318.91515",
                    "end": "322.68054",
                    "note": ""
                },
                {
                    "id": "SDRW2100000014.1.1.74",
                    "form": "새롭다 그래서 한번 신청해 봤는데 새롭다고 다 맛있는 건 아니더라.",
                    "original_form": "새롭다 그래서 한번 신청해 봤는데 새롭다고 다 맛있는 건 아니더라.",
                    "speaker_id": "SD2100014",
                    "start": "322.68054",
                    "end": "327.37900",
                    "note": ""
                },
                {
                    "id": "SDRW2100000014.1.1.75",
                    "form": "우리는 애들이 입이 까다로워 가지고 까다롭다기보다는",
                    "original_form": "우리는 애들이 입이 까다로와 가지구 까다롭다기보다는",
                    "speaker_id": "SD2100013",
                    "start": "327.93900",
                    "end": "332.66901",
                    "note": ""
                },
                {
                    "id": "SDRW2100000014.1.1.76",
                    "form": "반찬을 우리 같은 경우에는 옛날에 어렸을 때 먹지 않던 뭐 콩나물국이나",
                    "original_form": "반찬을 우리 같은 경우에는 옛날에 어렸을 때 먹지 않던 뭐 콩나물국이나",
                    "speaker_id": "SD2100013",
                    "start": "332.66901",
                    "end": "337.71899",
                    "note": ""
                },
                {
                    "id": "SDRW2100000014.1.1.77",
                    "form": "아니면은 양파 같은 거 당근 같은 거 반찬류는 잘 안 먹었잖아. 근데 이제 나중에 나이가 들고 나서 뭐 콩자반도 먹게 되고",
                    "original_form": "아니면은 양파 같은 거 당근 같은 거 반찬류는 잘 안 먹었잖아. 근데 이제 나중에 나이가 들고 나서 뭐 콩자반도 먹게 되고",
                    "speaker_id": "SD2100013",
                    "start": "337.71899",
                    "end": "346.49592",
                    "note": ""
                },
                {
                    "id": "SDRW2100000014.1.1.78",
                    "form": "반찬 두 개 같이 국이랑 먹게 되고 하는데 우리 애들은",
                    "original_form": "반찬 두 개 같이 국이랑 먹게 되고 하는데 우리 애들은",
                    "speaker_id": "SD2100013",
                    "start": "346.49592",
                    "end": "350.35746",
                    "note": ""
                },
                {
                    "id": "SDRW2100000014.1.1.79",
                    "form": "그런 류를 아예 반찬을 해놔도 먹지를 않더라고. 그냥 뭐 김치볶음밥을 해놔야 그거 하나 하루 종일 먹든가",
                    "original_form": "그런 류를 아예 반찬을 해놔도 먹지를 않더라고. 그냥 뭐 김치볶음밥을 해놔야 그거 하나 하루 종일 먹던가",
                    "speaker_id": "SD2100013",
                    "start": "350.35746",
                    "end": "357.54899",
                    "note": ""
                },
                {
                    "id": "SDRW2100000014.1.1.80",
                    "form": "아니면 부대찌개를 하면 그걸 좀 먹든가 뭔가",
                    "original_form": "아니면 부대찌개를 하면 그걸 좀 먹든가 뭔가",
                    "speaker_id": "SD2100013",
                    "start": "357.54899",
                    "end": "360.74131",
                    "note": ""
                },
                {
                    "id": "SDRW2100000014.1.1.81",
                    "form": "단품을 많이 먹어서 나는 오히려 거기에서 그 밀키트로 해 가지고 사서 먹는 게 너무 편하고 좋아. 그래서 여름에는 우리 외식비가 너무 많이 드는 거 같아. 너희는 괜찮아?",
                    "original_form": "단품을 많이 먹어서 나는 오히려 거기에서 그 밀키트로 해 가지고 사서 먹는 게 너무 편하고 좋아. 그래서 여름에는 우리 외식비가 너무 많이 드는 거 같아. 너희는 괜찮아?",
                    "speaker_id": "SD2100013",
                    "start": "360.74131",
                    "end": "372.50900",
                    "note": ""
                },
                {
                    "id": "SDRW2100000014.1.1.82",
                    "form": "외식비도 많이 들지. 우리도",
                    "original_form": "외식비도 많이 들지. 우리도",
                    "speaker_id": "SD2100014",
                    "start": "373.54901",
                    "end": "376.17900",
                    "note": ""
                },
                {
                    "id": "SDRW2100000014.1.1.83",
                    "form": "근데 다행히",
                    "original_form": "근데 다행히",
                    "speaker_id": "SD2100014",
                    "start": "377.33901",
                    "end": "378.76899",
                    "note": ""
                },
                {
                    "id": "SDRW2100000014.1.1.84",
                    "form": "큰애가 거",
                    "original_form": "큰애가 거",
                    "speaker_id": "SD2100014",
                    "start": "378.76899",
                    "end": "380.69901",
                    "note": ""
                },
                {
                    "id": "SDRW2100000014.1.1.85",
                    "form": "다행인가 아닌가? 걔가 나가서 먹으니까 걔도 부식비로 들면은 꽤 나가지. 우리도 그래서 오늘 뭐 해 먹을 거야?",
                    "original_form": "다행인가 아닌가? 걔가 나가서 먹으니까 걔도 부식비로 들면은 꽤 나가지. 우리도 그래서 오늘 뭐 해 먹을 거야?",
                    "speaker_id": "SD2100014",
                    "start": "380.69901",
                    "end": "387.99899",
                    "note": ""
                },
                {
                    "id": "SDRW2100000014.1.1.86",
                    "form": "우리는 전에 이제 곧 말복이잖아. 언제인지 모르겠네. 내가 중복에 한번 아이들 몸보신 좀 시켜 주려고 닭을 사러 갔더니 세상에",
                    "original_form": "우리는 전에 이제 곧 말복이잖아. 언제인지 모르겠네. 내가 중복에 한번 아이들 몸보신 좀 시켜 주려고 닭을 사러 갔더니 세상에",
                    "speaker_id": "SD2100013",
                    "start": "389.27899",
                    "end": "398.35900",
                    "note": ""
                },
                {
                    "id": "SDRW2100000014.1.1.87",
                    "form": "4시에 갔더니 닭이 닭이 전부 다 매진인 거야. 동네가 내가 3군데를 돌았는데 맘먹고 좀 해 주려고 했더니",
                    "original_form": "네 시에 갔더니 닭이 닭이 전부 다 매진인 거야. 동네가 내가 세 군데를 돌았는데 맘먹고 좀 해 주려고 했더니",
                    "speaker_id": "SD2100013",
                    "start": "398.35900",
                    "end": "405.29900",
                    "note": ""
                },
                {
                    "id": "SDRW2100000014.1.1.88",
                    "form": "삼 좀 넣어서",
                    "original_form": "삼 좀 너서",
                    "speaker_id": "SD2100013",
                    "start": "405.29900",
                    "end": "406.62901",
                    "note": ""
                },
                {
                    "id": "SDRW2100000014.1.1.89",
                    "form": "닭이 하나도 없어. 씨가 마른 거야. 그래서 할 수 없이 치킨을",
                    "original_form": "닭이 하나도 없어. 씨가 말른 거야. 그래서 할 수 없이 치킨을",
                    "speaker_id": "SD2100013",
                    "start": "406.62901",
                    "end": "410.98899",
                    "note": ""
                },
                {
                    "id": "SDRW2100000014.1.1.90",
                    "form": "어 이제 프라이드하고 양념하고 한 마리로는 이제 안 되더라고. 애들이 크다 보니까 후라이드 하나 양념 하나 시키고 피자 하나 시켜서",
                    "original_form": "어~ 이제 프라이드하고 양념하고 한 마리로는 이제 안 되더라고. 애들이 크다 보니까 후라이드 하나 양념 하나 시키고 피자 하나 시켜서",
                    "speaker_id": "SD2100013",
                    "start": "410.98899",
                    "end": "419.51901",
                    "note": ""
                },
                {
                    "id": "SDRW2100000014.1.1.91",
                    "form": "애들이 오히려 그걸 더 좋아해. 그래서 백숙을 했으면 혼날 뻔했어.",
                    "original_form": "애들이 오히려 그걸 더 좋아해. 그래서 백숙을 했으면 혼날 뻔했어.",
                    "speaker_id": "SD2100013",
                    "start": "419.51901",
                    "end": "424.86901",
                    "note": ""
                },
                {
                    "id": "SDRW2100000014.1.1.92",
                    "form": "안 먹는다고 그래서 그래서",
                    "original_form": "안 먹는다고 그래서 그래서",
                    "speaker_id": "SD2100013",
                    "start": "424.86901",
                    "end": "427.54900",
                    "note": ""
                },
                {
                    "id": "SDRW2100000014.1.1.93",
                    "form": "이번에도 말복에",
                    "original_form": "이번에도 말복에",
                    "speaker_id": "SD2100013",
                    "start": "427.54900",
                    "end": "429.68901",
                    "note": ""
                },
                {
                    "id": "SDRW2100000014.1.1.94",
                    "form": "음 그냥 치킨이나 시켜 줄까",
                    "original_form": "음 그냥 치킨이나 시켜 줄까",
                    "speaker_id": "SD2100013",
                    "start": "429.68901",
                    "end": "433.35901",
                    "note": ""
                },
                {
                    "id": "SDRW2100000014.1.1.95",
                    "form": "근데",
                    "original_form": "근데",
                    "speaker_id": "SD2100013",
                    "start": "433.35901",
                    "end": "434.56900",
                    "note": ""
                },
                {
                    "id": "SDRW2100000014.1.1.96",
                    "form": "말복이라 그래도 몸보신을 좀 시켜 줘야 되는데 그 치킨 치킨 기름 덩어리 시켜 가지고 괜찮을까 싶기도 하고",
                    "original_form": "말복이라 그래도 몸보신을 좀 시켜 줘야 되는데 그 치킨 치킨 기름 덩어리 시켜 가지고 괜찮을까 싶기도 하고",
                    "speaker_id": "SD2100013",
                    "start": "434.56900",
                    "end": "442.52899",
                    "note": ""
                },
                {
                    "id": "SDRW2100000014.1.1.97",
                    "form": "그런 거야. 그럴 때나 좀 삼 좀 넣고 좀 끓여주지",
                    "original_form": "그런 거야. 그럴 때나 좀 삼 좀 넣고 좀 끓여주지",
                    "speaker_id": "SD2100013",
                    "start": "442.52899",
                    "end": "446.69823",
                    "note": ""
                },
                {
                    "id": "SDRW2100000014.1.1.98",
                    "form": "아 어떻게 해야 되나 더운데 그거 끓이기도 귀찮고 너는 어떻게 할 거니?",
                    "original_form": "아~ 어떻게 해야 되나 더운데 그거 끓이기도 귀찮고 너는 어뜩 할 거니?",
                    "speaker_id": "SD2100013",
                    "start": "446.69823",
                    "end": "451.27900",
                    "note": ""
                },
                {
                    "id": "SDRW2100000014.1.1.99",
                    "form": "나는 중복 말복을 아니 중복하고 초복을",
                    "original_form": "나는 중복 말복을 아이 중복하고 초복을",
                    "speaker_id": "SD2100014",
                    "start": "451.53901",
                    "end": "455.94669",
                    "note": ""
                },
                {
                    "id": "SDRW2100000014.1.1.100",
                    "form": "삼 사다가 환기랑 대추 넣고 푹 끓여서",
                    "original_form": "삼 사다가 환기랑 대추 넣고 푹 끓여서",
                    "speaker_id": "SD2100014",
                    "start": "455.94669",
                    "end": "460.64538",
                    "note": ""
                },
                {
                    "id": "SDRW2100000014.1.1.101",
                    "form": "애들이 그러니까 안 먹어 그래서",
                    "original_form": "애들이 그러니까 안 먹어 그래서",
                    "speaker_id": "SD2100014",
                    "start": "460.64538",
                    "end": "462.88900",
                    "note": ""
                },
                {
                    "id": "SDRW2100000014.1.1.102",
                    "form": "끓여서 닭을 건져내서 닭만 이렇게 소스를",
                    "original_form": "끓여서 닭을 건져내서 닭만 이렇게 쏘쓰를",
                    "speaker_id": "SD2100014",
                    "start": "462.88900",
                    "end": "467.72746",
                    "note": ""
                },
                {
                    "id": "SDRW2100000014.1.1.103",
                    "form": "양파하고 청양고추하고 다져 갖고 거기다가 겨자소스를 넣어 갖고 그거를 같이 싸서 먹게끔 해서 주고",
                    "original_form": "양파하고 청양고추하고 다져 갖고 거기다가 겨자소스를 넣어 갖고 그거를 같이 싸서 먹게끔 해서 주고",
                    "speaker_id": "SD2100014",
                    "start": "467.72746",
                    "end": "477.75901",
                    "note": ""
                },
                {
                    "id": "SDRW2100000014.1.1.104",
                    "form": "그 국물 육수 낸 거를 그 건더기 다 제한 다음에",
                    "original_form": "그 국물 육수 낸 거를 그 건더기 다 제한 다음에",
                    "speaker_id": "SD2100014",
                    "start": "477.75901",
                    "end": "482.86285",
                    "note": ""
                },
                {
                    "id": "SDRW2100000014.1.1.105",
                    "form": "그 풀무원에서 생면 나온 거 있어. 칼국수",
                    "original_form": "그~ 풀무원에서 생면 나온 거 있어. 칼국수",
                    "speaker_id": "SD2100014",
                    "start": "482.86285",
                    "end": "486.54115",
                    "note": ""
                },
                {
                    "id": "SDRW2100000014.1.1.106",
                    "form": "근데 내가 칼국수 그렇게 나온 거 별로 안 좋아하는데 밀가루 티나서 안 좋아하는데",
                    "original_form": "근데 내가 칼국수 그렇게 나온 거 별로 안 좋아하는데 밀가루 티나서 안 좋아하는데",
                    "speaker_id": "SD2100014",
                    "start": "486.54115",
                    "end": "491.29115",
                    "note": ""
                },
                {
                    "id": "SDRW2100000014.1.1.107",
                    "form": "걔는 밀가루를 털고 끌이잖아. 그러면",
                    "original_form": "걔는 밀가루를 털고 끌이잖아. 그러면",
                    "speaker_id": "SD2100014",
                    "start": "491.29115",
                    "end": "493.99901",
                    "note": ""
                },
                {
                    "id": "SDRW2100000014.1.1.108",
                    "form": "밀가루 티가 거의 안 나.",
                    "original_form": "밀가루 티가 거의 안 나.",
                    "speaker_id": "SD2100014",
                    "start": "493.99901",
                    "end": "496.46901",
                    "note": ""
                },
                {
                    "id": "SDRW2100000014.1.1.109",
                    "form": "그래서 그걸로 해서 칼국수 끓여서 주면은 잘 먹더라고.",
                    "original_form": "그래서 그걸로 해서 칼국수 끓여서 주면은 잘 먹더라고.",
                    "speaker_id": "SD2100014",
                    "start": "496.46901",
                    "end": "500.13901",
                    "note": ""
                },
                {
                    "id": "SDRW2100000014.1.1.110",
                    "form": "좋은 엄마구나. 나는 귀찮아서 그런 건 싫어.",
                    "original_form": "좋은 엄마구나. 나는 귀찮아서 그런 건 싫어.",
                    "speaker_id": "SD2100013",
                    "start": "500.60901",
                    "end": "503.92899",
                    "note": ""
                },
                {
                    "id": "SDRW2100000014.1.1.111",
                    "form": "올해",
                    "original_form": "올해",
                    "speaker_id": "SD2100013",
                    "start": "503.92899",
                    "end": "505.55901",
                    "note": ""
                },
                {
                    "id": "SDRW2100000014.1.1.112",
                    "form": "내가 수박을",
                    "original_form": "내가 수박을",
                    "speaker_id": "SD2100013",
                    "start": "505.55901",
                    "end": "507.45900",
                    "note": ""
                },
                {
                    "id": "SDRW2100000014.1.1.113",
                    "form": "수박을 안 사 먹은 거 같아. 내가 수박을 안 먹으니까 남편은 수박 먹고 싶다고 하는데 절대 안 사 주지.",
                    "original_form": "수박을 안 사 먹은 거 같애. 내가 수박을 안 먹으니까 남편은 수박 먹고 싶다고 하는데 절대 안 사 주지.",
                    "speaker_id": "SD2100013",
                    "start": "507.45900",
                    "end": "514.81901",
                    "note": ""
                },
                {
                    "id": "SDRW2100000014.1.1.114",
                    "form": "수박 값도 만만치도 않고 너희는 수박 좋아하니?",
                    "original_form": "수박 값도 만만치도 않고 너네는 수박 좋아하니?",
                    "speaker_id": "SD2100013",
                    "start": "514.81901",
                    "end": "518.69901",
                    "note": ""
                },
                {
                    "id": "SDRW2100000014.1.1.115",
                    "form": "수박은 우리가 다 좋아해. 근데 그 우리는 그",
                    "original_form": "수박은 우리가 다 좋아해. 근데 그~ 우리는 그~",
                    "speaker_id": "SD2100014",
                    "start": "518.83900",
                    "end": "523.62903",
                    "note": ""
                },
                {
                    "id": "SDRW2100000014.1.1.116",
                    "form": "그 종량제봉투로 해서 음식물 쓰레기를 버리게끔 돼 있어. 그래서",
                    "original_form": "그~ 종량제봉투로 해서 음식물 쓰레기를 버리게끔 돼 있어. 그래서",
                    "speaker_id": "SD2100014",
                    "start": "523.62903",
                    "end": "529.61622",
                    "note": ""
                },
                {
                    "id": "SDRW2100000014.1.1.117",
                    "form": "그 껍질을",
                    "original_form": "그~ 껍질을",
                    "speaker_id": "SD2100014",
                    "start": "529.61622",
                    "end": "532.49901",
                    "note": ""
                },
                {
                    "id": "SDRW2100000014.1.1.118",
                    "form": "처치하기가 너무 곤란한 거야.",
                    "original_form": "처치하기가 너무 곤란한 거야.",
                    "speaker_id": "SD2100014",
                    "start": "532.49901",
                    "end": "535.14900",
                    "note": ""
                },
                {
                    "id": "SDRW2100000014.1.1.119",
                    "form": "그걸 다 쪼개 갖고 한번 먹으려면은 큰 걸로 종량제 봉",
                    "original_form": "그걸 다 쪼개 갖고 한번 먹으려면은 큰 걸로 종량제 -봉-",
                    "speaker_id": "SD2100014",
                    "start": "535.14900",
                    "end": "539.90399",
                    "note": ""
                },
                {
                    "id": "SDRW2100000014.1.1.120",
                    "form": "봉투로 하나가 넘게 나오니까",
                    "original_form": "봉투로 하나가 넘게 나오니까",
                    "speaker_id": "SD2100014",
                    "start": "539.90399",
                    "end": "542.95285",
                    "note": ""
                },
                {
                    "id": "SDRW2100000014.1.1.121",
                    "form": "옛날에는 되게 잘 먹었는데 그렇게 바뀌고 나서부터는 조금 덜 먹어.",
                    "original_form": "옛날에는 되게 잘 먹었는데 그렇게 바뀌고 나서부터는 조금 덜 먹어.",
                    "speaker_id": "SD2100014",
                    "start": "542.95285",
                    "end": "547.65902",
                    "note": ""
                },
                {
                    "id": "SDRW2100000014.1.1.122",
                    "form": "너는 추어탕 좋아해?",
                    "original_form": "너는 추어탕 좋아해?",
                    "speaker_id": "SD2100013",
                    "start": "548.45901",
                    "end": "550.15898",
                    "note": ""
                },
                {
                    "id": "SDRW2100000014.1.1.123",
                    "form": "못 먹어.",
                    "original_form": "못 먹어.",
                    "speaker_id": "SD2100014",
                    "start": "550.38903",
                    "end": "551.75898",
                    "note": ""
                },
                {
                    "id": "SDRW2100000014.1.1.124",
                    "form": "추어탕이 얼마나 맛있는데 그 맛있는 음식을 못 먹냐. 추어탕 좋아하면 언제 내가 저녁을 한번 살라 그랬더니",
                    "original_form": "추어탕이 얼마나 맛있는데 그 맛있는 음식을 못 먹냐. 추어탕 좋아하면 언제 내가 저녁을 한번 살라 그랬더니",
                    "speaker_id": "SD2100013",
                    "start": "551.86897",
                    "end": "558.92285",
                    "note": ""
                },
                {
                    "id": "SDRW2100000014.1.1.125",
                    "form": "그럼 도대체 너는 음식을 뭘 좋아해?",
                    "original_form": "그럼 도대체 너는 음식을 뭘 좋아해?",
                    "speaker_id": "SD2100013",
                    "start": "558.92285",
                    "end": "561.58899",
                    "note": ""
                },
                {
                    "id": "SDRW2100000014.1.1.126",
                    "form": "나는 그냥 생선 아니고는 다 먹는 거 같아.",
                    "original_form": "나는 그냥 생선 아니고는 다 먹는 거 같애.",
                    "speaker_id": "SD2100014",
                    "start": "562.05902",
                    "end": "565.82900",
                    "note": ""
                },
                {
                    "id": "SDRW2100000014.1.1.127",
                    "form": "추어탕도 생선이구나.",
                    "original_form": "추어탕도 생선이구나.",
                    "speaker_id": "SD2100013",
                    "start": "566.62899",
                    "end": "568.65898",
                    "note": ""
                },
                {
                    "id": "SDRW2100000014.1.1.128",
                    "form": "아 그럼 언제 한번 숯불갈비에 냉면이나 한번 먹으러 가자.",
                    "original_form": "아 그럼 언제 한번 숯불갈비에 냉면이나 한번 먹으러 가자.",
                    "speaker_id": "SD2100013",
                    "start": "568.65898",
                    "end": "574.06898",
                    "note": ""
                },
                {
                    "id": "SDRW2100000014.1.1.129",
                    "form": "안 그래도 어저께 신랑이 고기에다가",
                    "original_form": "안 그래도 어저께 신랑이 고기에다가",
                    "speaker_id": "SD2100014",
                    "start": "574.17903",
                    "end": "577.54438",
                    "note": ""
                },
                {
                    "id": "SDRW2100000014.1.1.130",
                    "form": "국수 저번에 왜 언니가 준 거 있잖아. 세트 그게 국수 생면이 있으니까 건면이 있으니까",
                    "original_form": "국수 저번에 왜 언니가 준 거 있잖아. 세트 그게 국수 생면이 있으니까 건면이 있으니까",
                    "speaker_id": "SD2100014",
                    "start": "577.54438",
                    "end": "584.70592",
                    "note": ""
                },
                {
                    "id": "SDRW2100000014.1.1.131",
                    "form": "그걸 빨리 먹어 치워야 되는 거지. 버리기도 그렇고 보니까 좋은 거더만 그래서",
                    "original_form": "그걸 빨리 먹어 치워야 되는 거지. 버리기도 그렇고 보니까 좋은 거드만 그래서",
                    "speaker_id": "SD2100014",
                    "start": "584.70592",
                    "end": "590.47903",
                    "note": ""
                },
                {
                    "id": "SDRW2100000014.1.1.132",
                    "form": "고기 구워서 다음 주에는 국수 해서 먹자고 그래서 양념장을 어제 만들어 갔다니까?",
                    "original_form": "고기 꾸워서 다음 주에는 국수 해서 먹자고 그래서 양념장을 어제 만들어 갔다니까?",
                    "speaker_id": "SD2100014",
                    "start": "590.47903",
                    "end": "597.26897",
                    "note": ""
                },
                {
                    "id": "SDRW2100000014.1.1.133",
                    "form": "그거 양념장 만들 때 냉면 육수 있잖아. 파는 거 그거를 사다가",
                    "original_form": "그거 양념장 만들 때 냉면 육수 있잖아. 파는 거 그거를 사다가",
                    "speaker_id": "SD2100013",
                    "start": "597.94902",
                    "end": "603.84901",
                    "note": ""
                },
                {
                    "id": "SDRW2100000014.1.1.134",
                    "form": "거기에다가 인제 다른 거 뭐 고춧가루 고추장 뭐 일반 그 비빔장 양념 있잖아. 설탕 뭐 이런 거 넣고 하면은",
                    "original_form": "거기에다가 인제 다른 거 뭐 고춧가루 고추장 뭐 일반 그~ 비빔장 양념 있잖아. 설탕 뭐 이런 거 넣고 하면은",
                    "speaker_id": "SD2100013",
                    "start": "603.84901",
                    "end": "611.44901",
                    "note": ""
                },
                {
                    "id": "SDRW2100000014.1.1.135",
                    "form": "완전 짱 맛있어. 그렇게 한번 해 먹어 봐 봐. 나도",
                    "original_form": "완전 짱 맛있어. 그렇게 한번 해 먹어 봐 봐. 나도",
                    "speaker_id": "SD2100013",
                    "start": "611.44901",
                    "end": "615.08900",
                    "note": ""
                },
                {
                    "id": "SDRW2100000014.1.1.136",
                    "form": "네이버에 들어가 가지고 레시피를 보니까 그렇게 하면 맛있다 그래서 했거든. 냉면 육수가 있어서 맛있더라고. 오늘 저녁에 한번 해 먹어 봐 거기에다가 삼겹살 구워 가지고",
                    "original_form": "네이버에 들어가 가지고 레시피를 보니까 그렇게 하면 맛있다 그래서 했거든. 냉면 육수가 있어서 맛있더라고. 오늘 저녁에 한번 해 먹어 봐 거기에다가 삼겹살 꾸워 가지고",
                    "speaker_id": "SD2100013",
                    "start": "615.08900",
                    "end": "624.86902",
                    "note": "발화겹침"
                },
                {
                    "id": "SDRW2100000014.1.1.137",
                    "form": "아 그거 냉면 육수 얘기하니까 생각나는 게 있는데",
                    "original_form": "아 그거 냉면 육수 얘기하니까 생각나는 게 있는데",
                    "speaker_id": "SD2100014",
                    "start": "624.79901",
                    "end": "629.41438",
                    "note": "발화겹침"
                },
                {
                    "id": "SDRW2100000014.1.1.138",
                    "form": "냉면 육수에다가 오늘은 언니도 그거 해 먹어 봐라.",
                    "original_form": "냉면 육수에다가 오늘은 언니도 그거 해 먹어 봐라.",
                    "speaker_id": "SD2100014",
                    "start": "629.41438",
                    "end": "633.49900",
                    "note": ""
                },
                {
                    "id": "SDRW2100000014.1.1.139",
                    "form": "그 도토리묵 하나 사 갖고 그거를 묵 밥을 했는데 그거를 얇게 채 썰고",
                    "original_form": "그 도토리묵 하나 사 갖고 그거를 묵 밥을 했는데 그거를 얇게 채 썰고",
                    "speaker_id": "SD2100014",
                    "start": "633.49900",
                    "end": "639.61438",
                    "note": ""
                },
                {
                    "id": "SDRW2100000014.1.1.140",
                    "form": "김치 송송 썰어 갖고 참기름이랑 깨 놓고 말아서 먹잖아? 진짜 맛있다.",
                    "original_form": "김치 송송 썰어 갖고 참기름이랑 깨 놓고 말아서 먹잖아? 진짜 맛있다.",
                    "speaker_id": "SD2100014",
                    "start": "639.61438",
                    "end": "645.98903",
                    "note": ""
                },
                {
                    "id": "SDRW2100000014.1.1.141",
                    "form": "냉면 육수에다가",
                    "original_form": "냉면 육수에다가",
                    "speaker_id": "SD2100013",
                    "start": "646.09901",
                    "end": "647.57899",
                    "note": "발화겹침"
                },
                {
                    "id": "SDRW2100000014.1.1.142",
                    "form": "동치미 냉면육수로 사면은 훨씬 더 시원하고 단맛 시큼새큼 밥맛이 조금 더 약해서 묵밥으로 하기 너무 좋더라고.",
                    "original_form": "동치미 냉면육수로 사면은 훨씬 더 시원하고 단맛 시큼새큼 밥맛이 쪼끔 더 약해서 묵밥으로 하기 너무 좋더라고.",
                    "speaker_id": "SD2100014",
                    "start": "647.47902",
                    "end": "656.93898",
                    "note": "발화겹침"
                },
                {
                    "id": "SDRW2100000014.1.1.143",
                    "form": "그냥 거기다가 썰어 넣기만 하면 되겠네 쉽네.",
                    "original_form": "그냥 거기다가 썰어 넣기만 하면 되겠네 쉽네.",
                    "speaker_id": "SD2100013",
                    "start": "657.43898",
                    "end": "660.60898",
                    "note": ""
                },
                {
                    "id": "SDRW2100000014.1.1.144",
                    "form": "그렇지 그러니까 그거를 해서 주니까 우리 나도 먹었거든.",
                    "original_form": "그렇지 그러니까 그거를 해서 주니까 우리 나도 먹었거든.",
                    "speaker_id": "SD2100014",
                    "start": "660.68900",
                    "end": "665.23131",
                    "note": ""
                },
                {
                    "id": "SDRW2100000014.1.1.145",
                    "form": "근데 너무 맛있는 거야. 시원하고 입맛 없을 때 오이냉국처럼",
                    "original_form": "근데 너무 맛있는 거야. 시원하고 입맛 없을 때 오이냉국처럼",
                    "speaker_id": "SD2100014",
                    "start": "665.23131",
                    "end": "669.80898",
                    "note": ""
                },
                {
                    "id": "SDRW2100000014.1.1.146",
                    "form": "너 그 미역에 미역귀라고 알아?",
                    "original_form": "너 그~ 미역에 미역귀라고 알아?",
                    "speaker_id": "SD2100013",
                    "start": "671.89901",
                    "end": "675.24901",
                    "note": ""
                },
                {
                    "id": "SDRW2100000014.1.1.147",
                    "form": "미역귀",
                    "original_form": "미역귀",
                    "speaker_id": "SD2100014",
                    "start": "676.07903",
                    "end": "677.05897",
                    "note": ""
                },
                {
                    "id": "SDRW2100000014.1.1.148",
                    "form": "미역귀라고 꽃처럼 막 이렇게 맨드라미같이 이렇게 막",
                    "original_form": "미역귀라고 꽃처럼 막 이렇게 맨드라미같이 이렇게 막",
                    "speaker_id": "SD2100013",
                    "start": "677.22902",
                    "end": "680.72898",
                    "note": ""
                },
                {
                    "id": "SDRW2100000014.1.1.149",
                    "form": "얼기설기 막 이렇게 얽혀 있는 게 미역에 붙어 있는",
                    "original_form": "얼기설기 막 이렇게 얽혀 있는 게 미역에 붙어 있는",
                    "speaker_id": "SD2100013",
                    "start": "680.72898",
                    "end": "684.36902",
                    "note": ""
                },
                {
                    "id": "SDRW2100000014.1.1.150",
                    "form": "미역귀라고 있거든.",
                    "original_form": "미역귀라고 있거든.",
                    "speaker_id": "SD2100013",
                    "start": "684.36902",
                    "end": "686.41897",
                    "note": ""
                },
                {
                    "id": "SDRW2100000014.1.1.151",
                    "form": "그게 원래 그 바닷가에 사는 사람들은 그걸로 미역국을 끓여 따로 미역 귀라고 또 팔아.",
                    "original_form": "그게 원래 그 바닷가에 사는 사람들은 그걸로 미역국을 끓여 따로 미역 귀라고 또 팔아.",
                    "speaker_id": "SD2100013",
                    "start": "686.41897",
                    "end": "692.87902",
                    "note": ""
                },
                {
                    "id": "SDRW2100000014.1.1.152",
                    "form": "그게 몸보신에 좋다 그러더라고.",
                    "original_form": "그게 몸보신에 좋다 그러더라고.",
                    "speaker_id": "SD2100013",
                    "start": "692.87902",
                    "end": "695.40901",
                    "note": ""
                },
                {
                    "id": "SDRW2100000014.1.1.153",
                    "form": "음 피를 맑게 해 주고 좋다 그러는데 그것도 더 좋은가 보다.",
                    "original_form": "음 피를 맑게 해 주고 좋다 그러는데 그것도 더 좋은가 보다.",
                    "speaker_id": "SD2100014",
                    "start": "696.08900",
                    "end": "700.66898",
                    "note": ""
                },
                {
                    "id": "SDRW2100000014.1.1.154",
                    "form": "일반 미역은 그냥 물커덩물커덩한데 미역귀는 먹으면 오도독오도독 소리가 나면서 그게 되게 맛있어. 그리고 뽀얗게 국물도 더 우러나고 그래서",
                    "original_form": "일반 미역은 그냥 물커덩물커덩한데 미역귀는 먹으면 오도독오도독 소리가 나면서 그게 되게 맛있어. 그리고 뽀얗게 국물도 더 우러나고 그래서",
                    "speaker_id": "SD2100013",
                    "start": "700.71897",
                    "end": "711.32898",
                    "note": ""
                },
                {
                    "id": "SDRW2100000014.1.1.155",
                    "form": "이게 물고기를 먹지 못하는 사람들은 그걸로 해서 대체를 해서 먹으면 너무 맛있다 그러더라고.",
                    "original_form": "이게 물고기를 먹지 못하는 사람들은 그걸로 해서 대체를 해서 먹으면 너무 맛있다 그러더라고.",
                    "speaker_id": "SD2100013",
                    "start": "711.32898",
                    "end": "716.79897",
                    "note": ""
                },
                {
                    "id": "SDRW2100000014.1.1.156",
                    "form": "나는 먹어봐서 그 맛을 알고 있거든.",
                    "original_form": "나는 먹어봐서 그 맛을 알고 있거든.",
                    "speaker_id": "SD2100013",
                    "start": "716.79897",
                    "end": "719.86901",
                    "note": ""
                },
                {
                    "id": "SDRW2100000014.1.1.157",
                    "form": "되게 맛있어. 그게 조금 더 비싸. 미역보다",
                    "original_form": "되게 맛있어. 그게 조금 더 비싸. 미역보다",
                    "speaker_id": "SD2100013",
                    "start": "719.86901",
                    "end": "722.84901",
                    "note": ""
                },
                {
                    "id": "SDRW2100000014.1.1.158",
                    "form": "그럼 그거는 국 끓이는 거야?",
                    "original_form": "그럼 그거는 국 끓이는 거야?",
                    "speaker_id": "SD2100014",
                    "start": "723.31898",
                    "end": "725.31901",
                    "note": ""
                },
                {
                    "id": "SDRW2100000014.1.1.159",
                    "form": "똑같이 미역국을 끓이면 돼.",
                    "original_form": "똑같이 미역국을 끓이면 돼.",
                    "speaker_id": "SD2100013",
                    "start": "725.69901",
                    "end": "727.57898",
                    "note": ""
                },
                {
                    "id": "SDRW2100000014.1.1.160",
                    "form": "근데 뻣뻣할 거 같은데.",
                    "original_form": "근데 뻣뻣할 거 같은데.",
                    "speaker_id": "SD2100014",
                    "start": "728.55902",
                    "end": "730.28903",
                    "note": ""
                },
                {
                    "id": "SDRW2100000014.1.1.161",
                    "form": "아니 뻣뻣하지 않아. 뻣뻣하지 않고 식감이 그냥 조개류 마냥",
                    "original_form": "아니 뻣뻣하지 않아. 뻣뻣하지 않고 식감이 그냥 조개류 마냥",
                    "speaker_id": "SD2100013",
                    "start": "730.39901",
                    "end": "734.88903",
                    "note": ""
                },
                {
                    "id": "SDRW2100000014.1.1.162",
                    "form": "왜 소라 먹어 봤지?",
                    "original_form": "왜 소라 먹어 봤지?",
                    "speaker_id": "SD2100013",
                    "start": "734.88903",
                    "end": "736.84901",
                    "note": ""
                },
                {
                    "id": "SDRW2100000014.1.1.163",
                    "form": "아 너 참 생선 안 먹는다 그랬지.",
                    "original_form": "아 너 참 생선 안 먹는다 그랬지.",
                    "speaker_id": "SD2100013",
                    "start": "736.84901",
                    "end": "739.42878",
                    "note": ""
                },
                {
                    "id": "SDRW2100000014.1.1.164",
                    "form": "그냥 일반 단무지 얘 단무지 먹으면",
                    "original_form": "그냥 일반 단무지 얘 단무지 먹으면",
                    "speaker_id": "SD2100013",
                    "start": "739.42878",
                    "end": "743.22900",
                    "note": ""
                },
                {
                    "id": "SDRW2100000014.1.1.165",
                    "form": "약간 오독오독하잖아.",
                    "original_form": "약간 오독오독하잖아.",
                    "speaker_id": "SD2100013",
                    "start": "743.22900",
                    "end": "745.21902",
                    "note": ""
                },
                {
                    "id": "SDRW2100000014.1.1.166",
                    "form": "그거 같은 식감이",
                    "original_form": "그거 같은 식감이",
                    "speaker_id": "SD2100013",
                    "start": "745.21902",
                    "end": "747.14897",
                    "note": ""
                },
                {
                    "id": "SDRW2100000014.1.1.167",
                    "form": "그 비슷한 식감이라서 먹기는 뻣뻣하지 않고 되게 맛있어. 국물도 뽀얗고",
                    "original_form": "그 비슷한 식감이라서 먹기는 뻣뻣하지 않고 되게 맛있어. 국물도 뽀얗고",
                    "speaker_id": "SD2100013",
                    "start": "747.14897",
                    "end": "753.03901",
                    "note": ""
                },
                {
                    "id": "SDRW2100000014.1.1.168",
                    "form": "그러면",
                    "original_form": "그러면",
                    "speaker_id": "SD2100014",
                    "start": "753.14900",
                    "end": "754.24900",
                    "note": ""
                },
                {
                    "id": "SDRW2100000014.1.1.169",
                    "form": "조개나 해물로 안 끓이고 소고기 넣고 끓여도 되는 거야?",
                    "original_form": "조개나 해물로 안 끓이고 소고기 넣고 끓여도 되는 거야?",
                    "speaker_id": "SD2100014",
                    "start": "754.24900",
                    "end": "758.18903",
                    "note": ""
                },
                {
                    "id": "SDRW2100000014.1.1.170",
                    "form": "미역국이니까",
                    "original_form": "미역국이니까",
                    "speaker_id": "SD2100013",
                    "start": "758.29901",
                    "end": "759.48898",
                    "note": ""
                },
                {
                    "id": "SDRW2100000014.1.1.171",
                    "form": "괜찮지. 소고기 넣고 끓이면.",
                    "original_form": "괜찮지. 소고기 넣고 끓이면.",
                    "speaker_id": "SD2100013",
                    "start": "759.48898",
                    "end": "762.43901",
                    "note": ""
                },
                {
                    "id": "SDRW2100000014.1.1.172",
                    "form": "그럼 마트 가서 팔아 아니면은 시장 청과물 이런 데 가서 팔아요?",
                    "original_form": "그럼 마트 가서 팔어 아니면은 시장 청과물 이런 데 가서 팔아여?",
                    "speaker_id": "SD2100014",
                    "start": "762.45897",
                    "end": "766.40901",
                    "note": ""
                },
                {
                    "id": "SDRW2100000014.1.1.173",
                    "form": "마트에서도 팔 걸?",
                    "original_form": "마트에서도 팔 걸?",
                    "speaker_id": "SD2100013",
                    "start": "766.72902",
                    "end": "768.33903",
                    "note": ""
                },
                {
                    "id": "SDRW2100000014.1.1.174",
                    "form": "마트에서도 팔아. 큰 마트에 조그마한 데는 안 팔고 큰 마트에 가면은",
                    "original_form": "마트에서도 팔아. 큰 마트에 조그만한 데는 안 팔고 큰 마트에 가면은",
                    "speaker_id": "SD2100013",
                    "start": "769.52903",
                    "end": "774.22900",
                    "note": ""
                },
                {
                    "id": "SDRW2100000014.1.1.175",
                    "form": "팔아. 그게 인제 말림으로 해 갖고 팔 수도 있고 글쎄 내가 거기선 사 보질 않아서 암튼 팔 거야.",
                    "original_form": "팔아. 그게 인제 말림으로 해 갖고 팔 수도 있고 글쎄 내가 거기선 사 보질 않아서 암튼 팔 거야.",
                    "speaker_id": "SD2100013",
                    "start": "774.22900",
                    "end": "780.89901",
                    "note": ""
                },
                {
                    "id": "SDRW2100000014.1.1.176",
                    "form": "조그만 데는 안",
                    "original_form": "조그만 데는 안",
                    "speaker_id": "SD2100013",
                    "start": "780.89901",
                    "end": "781.97903",
                    "note": "발화겹침"
                },
                {
                    "id": "SDRW2100000014.1.1.177",
                    "form": "가락",
                    "original_form": "가락",
                    "speaker_id": "SD2100014",
                    "start": "781.03903",
                    "end": "781.91897",
                    "note": "발화겹침"
                },
                {
                    "id": "SDRW2100000014.1.1.178",
                    "form": "가락시장에서 샀구나.",
                    "original_form": "가락시장에서 샀구나.",
                    "speaker_id": "SD2100014",
                    "start": "781.91897",
                    "end": "783.53903",
                    "note": "발화겹침"
                },
                {
                    "id": "SDRW2100000014.1.1.179",
                    "form": "아니 나는 인제 들고 다니면서 파는 아줌마한테",
                    "original_form": "아니 나는 인제 들고 다니면서 파는 아줌마한테",
                    "speaker_id": "SD2100013",
                    "start": "783.88900",
                    "end": "787.56902",
                    "note": ""
                },
                {
                    "id": "SDRW2100000014.1.1.180",
                    "form": "식당에 납품하는 아줌마한테",
                    "original_form": "식당에 납품하는 아줌마한테",
                    "speaker_id": "SD2100013",
                    "start": "789.05901",
                    "end": "791.11897",
                    "note": ""
                },
                {
                    "id": "SDRW2100000014.1.1.181",
                    "form": "응",
                    "original_form": "응",
                    "speaker_id": "SD2100014",
                    "start": "791.46901",
                    "end": "792.35898",
                    "note": ""
                },
                {
                    "id": "SDRW2100000014.1.1.182",
                    "form": "그냥 식당에 있는데 납품으로 왔더라고.",
                    "original_form": "그냥 식당에 있는데 납품으로 왔더라고.",
                    "speaker_id": "SD2100013",
                    "start": "792.97898",
                    "end": "795.57898",
                    "note": ""
                },
                {
                    "id": "SDRW2100000014.1.1.183",
                    "form": "나는 손님으로 갔는데",
                    "original_form": "나는 손님으로 갔는데",
                    "speaker_id": "SD2100013",
                    "start": "795.57898",
                    "end": "797.47903",
                    "note": ""
                },
                {
                    "id": "SDRW2100000014.1.1.184",
                    "form": "그거를 거기 가게에서 사더라고 그래서 그게 뭐냐고 물어봤더니 미역귀라 그러더라고. 그래서",
                    "original_form": "그거를 거기 가게에서 사더라고 그래서 그게 뭐냐고 물어봤더니 미역귀라 그러더라고. 그래서",
                    "speaker_id": "SD2100013",
                    "start": "797.47903",
                    "end": "803.27898",
                    "note": ""
                },
                {
                    "id": "SDRW2100000014.1.1.185",
                    "form": "나도 그때 처음 알았고",
                    "original_form": "나도 그때 처음 알았고",
                    "speaker_id": "SD2100013",
                    "start": "803.27898",
                    "end": "805.02900",
                    "note": ""
                },
                {
                    "id": "SDRW2100000014.1.1.186",
                    "form": "나도 구매할 수 있냐 해서 단품으로 조금 구매를 해서 사 먹었더니 너무 맛있는 거야.",
                    "original_form": "나도 구매할 수 있냐 해서 단품으로 조금 구매를 해서 사 먹었더니 너무 맛있는 거야.",
                    "speaker_id": "SD2100013",
                    "start": "805.02900",
                    "end": "810.10898",
                    "note": ""
                },
                {
                    "id": "SDRW2100000014.1.1.187",
                    "form": "아는 사람들은 미역을 버리고 미역귀를 먹더라고.",
                    "original_form": "아는 사람들은 미역을 버리고 미역귀를 먹더라고.",
                    "speaker_id": "SD2100013",
                    "start": "810.10898",
                    "end": "813.86902",
                    "note": ""
                },
                {
                    "id": "SDRW2100000014.1.1.188",
                    "form": "그래서 맛있어. 그렇게 해서 그런 걸로 몸보신해도 될 거 같고",
                    "original_form": "그래서 맛있어. 그렇게 해서 그런 걸로 몸보신해도 될 거 같고",
                    "speaker_id": "SD2100013",
                    "start": "814.74208",
                    "end": "818.73898",
                    "note": ""
                },
                {
                    "id": "SDRW2100000014.1.1.189",
                    "form": "나는 그래서 오늘 저녁에는 네가 말한",
                    "original_form": "나는 그래서 오늘 저녁에는 너가 말한",
                    "speaker_id": "SD2100013",
                    "start": "818.73898",
                    "end": "822.25902",
                    "note": ""
                },
                {
                    "id": "SDRW2100000014.1.1.190",
                    "form": "그 도토리묵에다가 동치미 국물 그거 사다가 그렇게 한번 해 먹어 보려고.",
                    "original_form": "그 도토리묵에다가 동치미 국물 그거 사다가 그렇게 한번 해 먹어 보려고.",
                    "speaker_id": "SD2100013",
                    "start": "822.25902",
                    "end": "828.20900",
                    "note": ""
                },
                {
                    "id": "SDRW2100000014.1.1.191",
                    "form": "너도 삼겹살에다가 그거 한번 해 먹어 봐. 비빔국수 너무 시원하고 맛있어",
                    "original_form": "너도 삼겹살에다가 그거 한번 해 먹어 봐. 비빔국수 너무 시원하고 맛있어",
                    "speaker_id": "SD2100013",
                    "start": "828.20900",
                    "end": "833.04899",
                    "note": ""
                },
                {
                    "id": "SDRW2100000014.1.1.192",
                    "form": "그럼 비빔국수에다가 동치미 육수 해서 양념 소스 사다가 이렇게 해서 먹은 거야?",
                    "original_form": "그럼 비빔국수에다가 동치미 육수 해서 양념 소스 사다가 이렇게 해서 먹은 거야?",
                    "speaker_id": "SD2100014",
                    "start": "833.81901",
                    "end": "838.72900",
                    "note": ""
                },
                {
                    "id": "SDRW2100000014.1.1.193",
                    "form": "그렇지 그 국물에다가 그냥 양념 소스를 넣어도 되고 귀찮으면 아니면 네가 왜 비빔장 넣는 거 있잖아. 왜 고춧가루 넣고 고추장 넣고",
                    "original_form": "그치 그 국물에다가 그냥 양념 소스를 넣어도 되고 귀찮으면 아니면 너가 왜 비빔장 넣는 거 있잖아. 왜 고춧가루 넣고 고추장 넣고",
                    "speaker_id": "SD2100013",
                    "start": "839.04901",
                    "end": "849.39515",
                    "note": ""
                },
                {
                    "id": "SDRW2100000014.1.1.194",
                    "form": "그다음에 참기름 넣고 깨 넣고 설탕 넣고 땡",
                    "original_form": "그다음에 참기름 넣고 깨 넣고 설탕 넣고 땡",
                    "speaker_id": "SD2100013",
                    "start": "849.39515",
                    "end": "852.48900",
                    "note": ""
                },
                {
                    "id": "SDRW2100000014.1.1.195",
                    "form": "그렇게 해 가지고 무쳐 가지고 그거랑 국수랑 전에 내가 준 국수가 되게 얇긴 하지만 되게 쫄깃하더라고.",
                    "original_form": "그렇게 해 가지고 무쳐 가지고 그거랑 국수랑 전에 내가 준 국수가 되게 얇긴 하지만 되게 쫄깃하더라고.",
                    "speaker_id": "SD2100013",
                    "start": "852.48900",
                    "end": "860.92903",
                    "note": ""
                },
                {
                    "id": "SDRW2100000014.1.1.196",
                    "form": "그거 해서 무쳐 가지고 그렇게 먹으면",
                    "original_form": "그거 해서 무쳐 가지고 그렇게 먹으면",
                    "speaker_id": "SD2100013",
                    "start": "860.92903",
                    "end": "863.69901",
                    "note": ""
                },
                {
                    "id": "SDRW2100000014.1.1.197",
                    "form": "맛있어. 삼겹살이랑 같이",
                    "original_form": "맛있어. 삼겹살이랑 같이",
                    "speaker_id": "SD2100013",
                    "start": "863.69901",
                    "end": "866.34900",
                    "note": ""
                },
                {
                    "id": "SDRW2100000014.1.1.198",
                    "form": "완전 육쌈냉면처럼 먹으면 되겠네.",
                    "original_form": "완전 육쌈냉면처럼 먹으면 되겠네.",
                    "speaker_id": "SD2100014",
                    "start": "866.45898",
                    "end": "869.29897",
                    "note": ""
                },
                {
                    "id": "SDRW2100000014.1.1.199",
                    "form": "그렇지 거기에다가 인제 뭐 열무김치 있으니 열무김치 같이 해 가지고 그렇게 먹으면 금상첨화지.",
                    "original_form": "그렇지 거기에다가 인제 뭐 열무김치 있으니 열무김치 같이 해 가지고 그렇게 먹으면 금상첨화지.",
                    "speaker_id": "SD2100013",
                    "start": "869.40902",
                    "end": "875.54900",
                    "note": ""
                },
                {
                    "id": "SDRW2100000014.1.1.200",
                    "form": "하기도 쉽고 어렵지 않아.",
                    "original_form": "하기도 쉽고 어렵지 않아.",
                    "speaker_id": "SD2100013",
                    "start": "875.54900",
                    "end": "878.58900",
                    "note": ""
                },
                {
                    "id": "SDRW2100000014.1.1.201",
                    "form": "그리고 난",
                    "original_form": "그리고 난",
                    "speaker_id": "SD2100013",
                    "start": "883.58900",
                    "end": "885.10898",
                    "note": ""
                },
                {
                    "id": "SDRW2100000014.1.1.202",
                    "form": "나는 그래서 저번에 나는 아는 지인들하고 같이",
                    "original_form": "나는 그래서 저번에 나는 아는 지인들하고 같이",
                    "speaker_id": "SD2100013",
                    "start": "889.11899",
                    "end": "892.94897",
                    "note": ""
                },
                {
                    "id": "SDRW2100000014.1.1.203",
                    "form": "추어탕을 먹으러 갔었는데 너도 한번",
                    "original_form": "추어탕을 먹으러 갔었는데 너도 한번",
                    "speaker_id": "SD2100013",
                    "start": "894.35901",
                    "end": "898.02902",
                    "note": ""
                },
                {
                    "id": "SDRW2100000014.1.1.204",
                    "form": "뭐 물 너무 생물 저기 물고기 좋아하진 않지만",
                    "original_form": "뭐 물 너무 생물 저기 물고기 좋아하진 않지만",
                    "speaker_id": "SD2100013",
                    "start": "898.02902",
                    "end": "902.02898",
                    "note": ""
                },
                {
                    "id": "SDRW2100000014.1.1.205",
                    "form": "한번 먹어 보려고 해 봐 봐. 내가 한번 맛있는 거 살게.",
                    "original_form": "한번 먹어 보려고 해 봐 봐. 내가 한번 맛있는 거 살게.",
                    "speaker_id": "SD2100013",
                    "start": "902.02898",
                    "end": "905.81898",
                    "note": ""
                },
                {
                    "id": "SDRW2100000014.1.1.206",
                    "form": "나는 언니가 얘기한 거 그냥 국수에다가 고기 싸서 한번 먹어 봐야 되겠다. 그거 맛있겠는데?",
                    "original_form": "나는 언니가 얘기한 거 그냥 국수에다가 고기 싸서 한번 먹어 봐야 되겠다. 그거 맛있겠는데?",
                    "speaker_id": "SD2100014",
                    "start": "906.16902",
                    "end": "911.87898",
                    "note": "발화겹침"
                },
                {
                    "id": "SDRW2100000014.1.1.207",
                    "form": "그래",
                    "original_form": "그래",
                    "speaker_id": "SD2100013",
                    "start": "911.86897",
                    "end": "912.53901",
                    "note": "발화겹침"
                }
            ]
        }
    ]
}