{
    "id": "SDRW2100000089",
    "metadata": {
        "title": "국립국어원 구어 말뭉치 SDRW2100000089",
        "creator": "국립국어원",
        "distributor": "국립국어원",
        "year": "2021",
        "category": "구어 > 사적대화 > 일상대화",
        "annotation_level": [
            "원시"
        ],
        "sampling": "본문 전체"
    },
    "document": [
        {
            "id": "SDRW2100000089.1",
            "metadata": {
                "title": "2인 일상 대화",
                "author": "개인 발화자",
                "publisher": "개인 발화 녹음",
                "date": "20210813",
                "topic": "우정 > 친구와의 관계",
                "speaker": [
                    {
                        "id": "SD2100089",
                        "age": "40대",
                        "occupation": "주부",
                        "sex": "여성",
                        "birthplace": "경기",
                        "principal_residence": "경기",
                        "current_residence": "경기",
                        "education": "고졸"
                    },
                    {
                        "id": "SD2100090",
                        "age": "10대",
                        "occupation": "학생",
                        "sex": "남성",
                        "birthplace": "인천",
                        "principal_residence": "인천",
                        "current_residence": "인천",
                        "education": "중졸"
                    }
                ],
                "setting": {
                    "relation": "부모/자녀"
                }
            },
            "utterance": [
                {
                    "id": "SDRW2100000089.1.1.1",
                    "form": "너가 이제 고등학교 3학년이잖아.",
                    "original_form": "너가 이제 고등학교 삼 학년이잖아.",
                    "speaker_id": "SD2100089",
                    "start": "0.92000",
                    "end": "4.20900",
                    "note": ""
                },
                {
                    "id": "SDRW2100000089.1.1.2",
                    "form": "그러면 고등학교 1학년 2학년 3학년 다니면서",
                    "original_form": "그러면 고등학교 일 학년 이 학년 삼 학년 다니면서",
                    "speaker_id": "SD2100089",
                    "start": "4.20900",
                    "end": "8.51000",
                    "note": ""
                },
                {
                    "id": "SDRW2100000089.1.1.3",
                    "form": "가장 친한 친구는 있는 거야?",
                    "original_form": "가장 친한 친구는 있는 거야?",
                    "speaker_id": "SD2100089",
                    "start": "8.51000",
                    "end": "10.97900",
                    "note": ""
                },
                {
                    "id": "SDRW2100000089.1.1.4",
                    "form": "한 명쯤은 있고요.",
                    "original_form": "한 명쯤은 있고요.",
                    "speaker_id": "SD2100090",
                    "start": "11.38900",
                    "end": "13.83900",
                    "note": ""
                },
                {
                    "id": "SDRW2100000089.1.1.5",
                    "form": "아직 친해지는 중에 단계의 친구도 있어요.",
                    "original_form": "아직 친해지는 중에 단계의 친구도 있어요.",
                    "speaker_id": "SD2100090",
                    "start": "13.83900",
                    "end": "17.92900",
                    "note": ""
                },
                {
                    "id": "SDRW2100000089.1.1.6",
                    "form": "그럼 네가 제일 친하다고 생각하는 친구는",
                    "original_form": "그럼 너가 제일 친하다고 생각하는 친구는",
                    "speaker_id": "SD2100089",
                    "start": "19.56900",
                    "end": "23.28000",
                    "note": ""
                },
                {
                    "id": "SDRW2100000089.1.1.7",
                    "form": "어 1학년 2학년 3학년 통틀어서",
                    "original_form": "어 일 학년 이 학년 삼 학년 통틀어서",
                    "speaker_id": "SD2100089",
                    "start": "23.28000",
                    "end": "26.92000",
                    "note": ""
                },
                {
                    "id": "SDRW2100000089.1.1.8",
                    "form": "몇 명이 있다고 생각하는 거야?",
                    "original_form": "몇 명이 있다고 생각하는 거야?",
                    "speaker_id": "SD2100089",
                    "start": "26.92000",
                    "end": "29.48000",
                    "note": ""
                },
                {
                    "id": "SDRW2100000089.1.1.9",
                    "form": "아마도 제 생각엔 아직 한명까지 밖에 없다고 생각을 해요.",
                    "original_form": "아마도 제 생각엔 아직 한명까지 밖에 없다고 생각을 해요.",
                    "speaker_id": "SD2100090",
                    "start": "30.61000",
                    "end": "34.86000",
                    "note": ""
                },
                {
                    "id": "SDRW2100000089.1.1.10",
                    "form": "그럼 네가 제일 친한 친구가 한 명이 있잖아.",
                    "original_form": "그럼 너가 제일 친한 친구가 한 명이 있잖아.",
                    "speaker_id": "SD2100089",
                    "start": "36.62000",
                    "end": "39.64800",
                    "note": ""
                },
                {
                    "id": "SDRW2100000089.1.1.11",
                    "form": "그럼 그 친구의 성격은 너가 생각하기에",
                    "original_form": "그럼 그 친구의 성격은 너가 생각하기에",
                    "speaker_id": "SD2100089",
                    "start": "39.64800",
                    "end": "43.45285",
                    "note": ""
                },
                {
                    "id": "SDRW2100000089.1.1.12",
                    "form": "어떤 성격을 가진 친구라고 생각해?",
                    "original_form": "어떤 성격을 가진 친구라고 생각해?",
                    "speaker_id": "SD2100089",
                    "start": "43.45285",
                    "end": "46.32000",
                    "note": ""
                },
                {
                    "id": "SDRW2100000089.1.1.13",
                    "form": "음 일단 성격은 되게 착한데",
                    "original_form": "음~ 일단 성격은 되게 착한데",
                    "speaker_id": "SD2100090",
                    "start": "46.73000",
                    "end": "50.65000",
                    "note": ""
                },
                {
                    "id": "SDRW2100000089.1.1.14",
                    "form": "나름 분노를 좀 조절하는데 조금 힘든 애이기도하고",
                    "original_form": "나름 분노를 좀 조절하는데 조금 힘든 애이기도하고",
                    "speaker_id": "SD2100090",
                    "start": "50.65000",
                    "end": "57.02000",
                    "note": ""
                },
                {
                    "id": "SDRW2100000089.1.1.15",
                    "form": "그래도 성격 상으로 봤을 때는",
                    "original_form": "그래도 성격 상으로 봤을 때는",
                    "speaker_id": "SD2100090",
                    "start": "57.02000",
                    "end": "59.94000",
                    "note": ""
                },
                {
                    "id": "SDRW2100000089.1.1.16",
                    "form": "그래도 좀 착한 애인거 같다는 생각이 들어요.",
                    "original_form": "그래도 쫌 착한 애인거 같다는 생각이 들어요.",
                    "speaker_id": "SD2100090",
                    "start": "59.94000",
                    "end": "63.28000",
                    "note": ""
                },
                {
                    "id": "SDRW2100000089.1.1.17",
                    "form": "아 약간의 너가 생각하기에는 그 친구가 가장 친한 친구가",
                    "original_form": "아 약간의 너가 생각하기에는 그 친구가 가장 친한 친구가",
                    "speaker_id": "SD2100089",
                    "start": "64.56000",
                    "end": "69.56400",
                    "note": ""
                },
                {
                    "id": "SDRW2100000089.1.1.18",
                    "form": "분노를 좀 조절을 못 하는 성격을 갖고 있는 거 같다.",
                    "original_form": "분노를 쫌 조절을 못 하는 성격을 갖고 있는 거 같다.",
                    "speaker_id": "SD2100089",
                    "start": "69.56400",
                    "end": "74.61000",
                    "note": ""
                },
                {
                    "id": "SDRW2100000089.1.1.19",
                    "form": "어 그러면은 그거는 빼고는 전반적으로 그 친구가",
                    "original_form": "어~ 그러면은 그거는 빼고는 전반적으로 그 친구가",
                    "speaker_id": "SD2100089",
                    "start": "74.61000",
                    "end": "80.44000",
                    "note": ""
                },
                {
                    "id": "SDRW2100000089.1.1.20",
                    "form": "착하고 성실하다고 생각하는 거지?",
                    "original_form": "착하고 성실하다고 생각하는 거지?",
                    "speaker_id": "SD2100089",
                    "start": "80.44000",
                    "end": "83.36000",
                    "note": ""
                },
                {
                    "id": "SDRW2100000089.1.1.21",
                    "form": "어 아무래도 그렇게 생각을 하고 있죠 저는",
                    "original_form": "어 아무래도 그렇게 생각을 하고 있죠 저는",
                    "speaker_id": "SD2100090",
                    "start": "83.77000",
                    "end": "87.03000",
                    "note": ""
                },
                {
                    "id": "SDRW2100000089.1.1.22",
                    "form": "그러면 지금 그 친구랑 너랑 같은 취미를 갖고 있는 것 같아?",
                    "original_form": "그러면 지금 그 친구랑 너랑 같은 취미를 갖고 있는 것 같애?",
                    "speaker_id": "SD2100089",
                    "start": "89.93000",
                    "end": "96.49000",
                    "note": ""
                },
                {
                    "id": "SDRW2100000089.1.1.23",
                    "form": "음 제가 생각하기엔 약간 쪼금 다른데",
                    "original_form": "음~ 제가 생각하기엔 약간 쪼금 다른데",
                    "speaker_id": "SD2100090",
                    "start": "97.41000",
                    "end": "100.79000",
                    "note": ""
                },
                {
                    "id": "SDRW2100000089.1.1.24",
                    "form": "약간 제가 쪼금 맞춰주는",
                    "original_form": "약간 제가 쪼금 맞춰주는",
                    "speaker_id": "SD2100090",
                    "start": "100.79000",
                    "end": "103.35000",
                    "note": ""
                },
                {
                    "id": "SDRW2100000089.1.1.25",
                    "form": "느낌이 조금 들어요.",
                    "original_form": "느낌이 조금 들어요.",
                    "speaker_id": "SD2100090",
                    "start": "103.35000",
                    "end": "105.07000",
                    "note": ""
                },
                {
                    "id": "SDRW2100000089.1.1.26",
                    "form": "응 거의 너가 맞춰준다는 느낌이 든다.",
                    "original_form": "응 거의 너가 맞춰준다는 느낌이 든다.",
                    "speaker_id": "SD2100089",
                    "start": "106.17000",
                    "end": "109.82000",
                    "note": ""
                },
                {
                    "id": "SDRW2100000089.1.1.27",
                    "form": "그럼 그 친구는 너한테 무슨 뭐 먹는 거라든지",
                    "original_form": "그럼 그 친구는 너한테 무슨 뭐 먹는 거라던지",
                    "speaker_id": "SD2100089",
                    "start": "109.82000",
                    "end": "114.75000",
                    "note": ""
                },
                {
                    "id": "SDRW2100000089.1.1.28",
                    "form": "같이 노는 거라든지",
                    "original_form": "같이 노는 거라든지",
                    "speaker_id": "SD2100089",
                    "start": "114.75000",
                    "end": "117.61000",
                    "note": ""
                },
                {
                    "id": "SDRW2100000089.1.1.29",
                    "form": "그 친구가 너한테 맞춰주기 보다는 너가 그 친구를",
                    "original_form": "그 친구가 너한테 맞춰주기 보다는 너가 그 친구를",
                    "speaker_id": "SD2100089",
                    "start": "117.61000",
                    "end": "122.60000",
                    "note": ""
                },
                {
                    "id": "SDRW2100000089.1.1.30",
                    "form": "많이 맞춰준다는 말이야?",
                    "original_form": "많이 맞춰준다는 말이야?",
                    "speaker_id": "SD2100089",
                    "start": "122.60000",
                    "end": "124.62000",
                    "note": ""
                },
                {
                    "id": "SDRW2100000089.1.1.31",
                    "form": "그렇죠. 일단은 제가",
                    "original_form": "그렇죠. 일단은 제가",
                    "speaker_id": "SD2100090",
                    "start": "125.06000",
                    "end": "127.33000",
                    "note": ""
                },
                {
                    "id": "SDRW2100000089.1.1.32",
                    "form": "제가 돈을 내기보다는",
                    "original_form": "제가 돈을 내기보다는",
                    "speaker_id": "SD2100090",
                    "start": "127.33000",
                    "end": "129.80000",
                    "note": ""
                },
                {
                    "id": "SDRW2100000089.1.1.33",
                    "form": "그 친구가 먼저 내는 그런 쪽이죠.",
                    "original_form": "그 친구가 먼저 내는 그런 쪽이죠.",
                    "speaker_id": "SD2100090",
                    "start": "129.80000",
                    "end": "133.17000",
                    "note": ""
                },
                {
                    "id": "SDRW2100000089.1.1.34",
                    "form": "음 물질적으로 그 친구가 쪼금 더 한다는 얘기야?",
                    "original_form": "음 물질적으로 그 친구가 쪼금 더 한다는 얘기야?",
                    "speaker_id": "SD2100089",
                    "start": "134.05999",
                    "end": "137.86001",
                    "note": ""
                },
                {
                    "id": "SDRW2100000089.1.1.35",
                    "form": "그렇죠.",
                    "original_form": "그렇죠.",
                    "speaker_id": "SD2100090",
                    "start": "138.06000",
                    "end": "139.07001",
                    "note": ""
                },
                {
                    "id": "SDRW2100000089.1.1.36",
                    "form": "그럼 그 친구랑 너랑 어 같은 취미를 가지면서 뭐 운동이라든지",
                    "original_form": "그럼 그 친구랑 너랑 어 같은 취미를 가지면서 뭐 운동이라던지",
                    "speaker_id": "SD2100089",
                    "start": "140.23000",
                    "end": "147.18000",
                    "note": ""
                },
                {
                    "id": "SDRW2100000089.1.1.37",
                    "form": "음 같은 노래를 좋아해서 뭐 노래방이나 그런 데를 좀 많이 간다든지",
                    "original_form": "음 같은 노래를 좋아해서 뭐 노래방이나 그런 데를 좀 많이 간다던지",
                    "speaker_id": "SD2100089",
                    "start": "147.18000",
                    "end": "153.49600",
                    "note": ""
                },
                {
                    "id": "SDRW2100000089.1.1.38",
                    "form": "둘이 같이 맞는 취미가 있을까?",
                    "original_form": "둘이 같이 맞는 취미가 있을까?",
                    "speaker_id": "SD2100089",
                    "start": "153.49600",
                    "end": "156.58999",
                    "note": ""
                },
                {
                    "id": "SDRW2100000089.1.1.39",
                    "form": "음 일단은",
                    "original_form": "음 일단은",
                    "speaker_id": "SD2100090",
                    "start": "157.12001",
                    "end": "158.61001",
                    "note": ""
                },
                {
                    "id": "SDRW2100000089.1.1.40",
                    "form": "둘이 같이 활동적이고",
                    "original_form": "둘이 같이 활동적이고",
                    "speaker_id": "SD2100090",
                    "start": "158.61001",
                    "end": "161.41000",
                    "note": ""
                },
                {
                    "id": "SDRW2100000089.1.1.41",
                    "form": "뭔가 같이 다니고",
                    "original_form": "뭔가 같이 다니고",
                    "speaker_id": "SD2100090",
                    "start": "161.41000",
                    "end": "163.04000",
                    "note": ""
                },
                {
                    "id": "SDRW2100000089.1.1.42",
                    "form": "그냥 뭔가 어울려서 같이 다니는 거 자체가",
                    "original_form": "그냥 뭔가 어울려서 같이 다니는 거 자체가",
                    "speaker_id": "SD2100090",
                    "start": "163.04000",
                    "end": "166.92000",
                    "note": ""
                },
                {
                    "id": "SDRW2100000089.1.1.43",
                    "form": "서로 서로 좋아하는 거 같아요.",
                    "original_form": "서로 서로 좋아하는 거 같애요.",
                    "speaker_id": "SD2100090",
                    "start": "166.92000",
                    "end": "169.00000",
                    "note": ""
                },
                {
                    "id": "SDRW2100000089.1.1.44",
                    "form": "음 그럼 최근에 둘이 만난 적은 있었어?",
                    "original_form": "음 그럼 최근에 둘이 만난 적은 있었어?",
                    "speaker_id": "SD2100089",
                    "start": "169.55999",
                    "end": "173.84000",
                    "note": ""
                },
                {
                    "id": "SDRW2100000089.1.1.45",
                    "form": "최근엔",
                    "original_form": "최근엔",
                    "speaker_id": "SD2100090",
                    "start": "174.04000",
                    "end": "175.67999",
                    "note": ""
                },
                {
                    "id": "SDRW2100000089.1.1.46",
                    "form": "한 번 정돈 있었어요.",
                    "original_form": "한 번 정돈 있었어요.",
                    "speaker_id": "SD2100090",
                    "start": "175.67999",
                    "end": "177.58000",
                    "note": ""
                },
                {
                    "id": "SDRW2100000089.1.1.47",
                    "form": "한 번 정도 있었다고?",
                    "original_form": "한 번 정도 있었다고?",
                    "speaker_id": "SD2100089",
                    "start": "178.77000",
                    "end": "180.41001",
                    "note": ""
                },
                {
                    "id": "SDRW2100000089.1.1.48",
                    "form": "그러면 둘이 만나서 이제 운동 남자들은",
                    "original_form": "그러면 둘이 만나서 이제 운동 남자들은",
                    "speaker_id": "SD2100089",
                    "start": "180.41001",
                    "end": "184.35000",
                    "note": ""
                },
                {
                    "id": "SDRW2100000089.1.1.49",
                    "form": "이제 고등학교 3학년 정도 되면",
                    "original_form": "이제 고등학교 삼 학년 정도 되면",
                    "speaker_id": "SD2100089",
                    "start": "184.35000",
                    "end": "187.18000",
                    "note": ""
                },
                {
                    "id": "SDRW2100000089.1.1.50",
                    "form": "몸을 조금 키워 보고 싶어 하고",
                    "original_form": "몸을 조금 키워 보고 싶어 하고",
                    "speaker_id": "SD2100089",
                    "start": "187.18000",
                    "end": "190.49001",
                    "note": ""
                },
                {
                    "id": "SDRW2100000089.1.1.51",
                    "form": "남들보다 좀 튼튼해 보이고 싶어 하는 그런 경향이 좀 있는 거 같은데",
                    "original_form": "남들보다 좀 튼튼해 보이고 싶어 하는 그런 경향이 좀 있는 거 같은데",
                    "speaker_id": "SD2100089",
                    "start": "190.49001",
                    "end": "196.00600",
                    "note": ""
                },
                {
                    "id": "SDRW2100000089.1.1.52",
                    "form": "너네들도 좀 남들보다 몸이 좀 튼튼하고",
                    "original_form": "너네들도 좀 남들보다 몸이 좀 튼튼하고",
                    "speaker_id": "SD2100089",
                    "start": "196.00600",
                    "end": "200.26000",
                    "note": ""
                },
                {
                    "id": "SDRW2100000089.1.1.53",
                    "form": "근육을 좀 만들고 싶어 하는",
                    "original_form": "근육을 쫌 만들고 싶어 하는",
                    "speaker_id": "SD2100089",
                    "start": "200.26000",
                    "end": "202.85000",
                    "note": ""
                },
                {
                    "id": "SDRW2100000089.1.1.54",
                    "form": "그런 마음을 갖고 있어서 둘이 혹시 같이 모여서",
                    "original_form": "그런 마음을 갖고 있어서 둘이 혹시 같이 모여서",
                    "speaker_id": "SD2100089",
                    "start": "202.85000",
                    "end": "207.32999",
                    "note": ""
                },
                {
                    "id": "SDRW2100000089.1.1.55",
                    "form": "운동 같은 거는 좀 하니?",
                    "original_form": "운동 같은 거는 좀 하니?",
                    "speaker_id": "SD2100089",
                    "start": "207.32999",
                    "end": "209.53000",
                    "note": ""
                },
                {
                    "id": "SDRW2100000089.1.1.56",
                    "form": "운동 일단 저는 안 하지만 걔 그 친구는",
                    "original_form": "운도 일단 저는 안 하지만 걔 그 친구는",
                    "speaker_id": "SD2100090",
                    "start": "209.91000",
                    "end": "214.60999",
                    "note": ""
                },
                {
                    "id": "SDRW2100000089.1.1.57",
                    "form": "복싱이라는 학원을 다니고 있고",
                    "original_form": "복싱이라는 학원을 다니고 있고",
                    "speaker_id": "SD2100090",
                    "start": "214.60999",
                    "end": "217.61400",
                    "note": ""
                },
                {
                    "id": "SDRW2100000089.1.1.58",
                    "form": "저에게도 뭔가 가르쳐 주려는 마음이 있어 보이는데",
                    "original_form": "저에게도 뭔가 가르쳐 줄려는 마음이 있어 보이는데",
                    "speaker_id": "SD2100090",
                    "start": "217.61400",
                    "end": "222.13000",
                    "note": ""
                },
                {
                    "id": "SDRW2100000089.1.1.59",
                    "form": "저는 아직까지는 복싱을 가 배울 마음은 없고",
                    "original_form": "저는 아직까지는 복싱을 가 배울 마음은 없고",
                    "speaker_id": "SD2100090",
                    "start": "222.13000",
                    "end": "226.90999",
                    "note": ""
                },
                {
                    "id": "SDRW2100000089.1.1.60",
                    "form": "그냥",
                    "original_form": "그냥",
                    "speaker_id": "SD2100090",
                    "start": "226.90999",
                    "end": "227.94000",
                    "note": ""
                },
                {
                    "id": "SDRW2100000089.1.1.61",
                    "form": "헬스장을 다시 다니고 싶은 마음은 있어요.",
                    "original_form": "헬스장을 다시 다니고 싶은 마음은 있어요.",
                    "speaker_id": "SD2100090",
                    "start": "227.94000",
                    "end": "230.62000",
                    "note": ""
                },
                {
                    "id": "SDRW2100000089.1.1.62",
                    "form": "어 너는 이제 복싱에는 취미가 별로 없고 그냥 헬스클럽 그런 데를 가서",
                    "original_form": "어 너는 이제 복싱에는 취미가 별로 없고 그냥 헬스클럽 그런 데를 가서",
                    "speaker_id": "SD2100089",
                    "start": "232.20001",
                    "end": "238.91001",
                    "note": ""
                },
                {
                    "id": "SDRW2100000089.1.1.63",
                    "form": "그냥 기본적인 운동을 하고 기본적인 근육을 키우면서",
                    "original_form": "그냥 기본적인 운동을 하고 기본적인 근육을 키우면서",
                    "speaker_id": "SD2100089",
                    "start": "238.91001",
                    "end": "243.60000",
                    "note": ""
                },
                {
                    "id": "SDRW2100000089.1.1.64",
                    "form": "조금 남들보다 튼튼하고",
                    "original_form": "쪼끔 남들보다 튼튼하고",
                    "speaker_id": "SD2100089",
                    "start": "243.60000",
                    "end": "246.73000",
                    "note": ""
                },
                {
                    "id": "SDRW2100000089.1.1.65",
                    "form": "조금 남자다운 몸을 갖고 싶은 그런 마음이 있는 거야?",
                    "original_form": "쪼끔 남자다운 몸을 갖고 싶은 그런 마음이 있는 거야?",
                    "speaker_id": "SD2100089",
                    "start": "246.73000",
                    "end": "250.70000",
                    "note": ""
                },
                {
                    "id": "SDRW2100000089.1.1.66",
                    "form": "그렇죠. 요즘엔",
                    "original_form": "그쵸. 요즘엔",
                    "speaker_id": "SD2100090",
                    "start": "250.92999",
                    "end": "252.33000",
                    "note": ""
                },
                {
                    "id": "SDRW2100000089.1.1.67",
                    "form": "유튜브나 그런 거에 봐서도",
                    "original_form": "유튜브나 그런 거에 봐서도",
                    "speaker_id": "SD2100090",
                    "start": "252.33000",
                    "end": "255.09999",
                    "note": ""
                },
                {
                    "id": "SDRW2100000089.1.1.68",
                    "form": "몸 좋은 사람들도 좀 많이 나오는 거 같고 해서",
                    "original_form": "몸 좋은 사람들도 좀 많이 나오는 거 같고 해서",
                    "speaker_id": "SD2100090",
                    "start": "255.09999",
                    "end": "258.77000",
                    "note": ""
                },
                {
                    "id": "SDRW2100000089.1.1.69",
                    "form": "그럼 몸을 좀 제가 가져 보면 어떨까 싶기도 해서 한번",
                    "original_form": "그럼 몸을 좀 제가 가져 보면 어떨까 싶기도 해서 한번",
                    "speaker_id": "SD2100090",
                    "start": "258.77000",
                    "end": "264.48600",
                    "note": ""
                },
                {
                    "id": "SDRW2100000089.1.1.70",
                    "form": "헬스를 다시 정상적으로 다녀 보는 게 어떨까 싶은 생각이 드는 정도죠.",
                    "original_form": "헬스를 다시 정상적으로 다녀 보는 게 어떨까 싶은 생각이 드는 정도죠.",
                    "speaker_id": "SD2100090",
                    "start": "264.48600",
                    "end": "269.56000",
                    "note": ""
                },
                {
                    "id": "SDRW2100000089.1.1.71",
                    "form": "헬스를 다니면은 너가 체계적으로 운동을 할 수 있다고 생각하는 거 같은데",
                    "original_form": "헬스를 다니면은 너가 체계적으로 운동을 할 수 있다고 생각하는 거 같은데",
                    "speaker_id": "SD2100089",
                    "start": "271.14001",
                    "end": "277.47200",
                    "note": ""
                },
                {
                    "id": "SDRW2100000089.1.1.72",
                    "form": "내 생각에는",
                    "original_form": "내 생각에는",
                    "speaker_id": "SD2100089",
                    "start": "277.47200",
                    "end": "279.35900",
                    "note": ""
                },
                {
                    "id": "SDRW2100000089.1.1.73",
                    "form": "꼭 음 헬스클럽을 가서 운동을 하면은 체계적으로 할 수 있다 그거보다는",
                    "original_form": "꼭 음 헬스클럽을 가서 운동을 하면은 체계적으로 할 수 있다 그거보다는",
                    "speaker_id": "SD2100089",
                    "start": "279.35900",
                    "end": "286.20700",
                    "note": ""
                },
                {
                    "id": "SDRW2100000089.1.1.74",
                    "form": "그냥 일상 생활을 하면서",
                    "original_form": "그냥 일상 생활을 하면서",
                    "speaker_id": "SD2100089",
                    "start": "286.20700",
                    "end": "288.64899",
                    "note": ""
                },
                {
                    "id": "SDRW2100000089.1.1.75",
                    "form": "너가 예를 들어서 뭐 청소를 한다든가?",
                    "original_form": "너가 예를 들어서 뭐 청소를 한다던가?",
                    "speaker_id": "SD2100089",
                    "start": "288.64899",
                    "end": "292.82901",
                    "note": ""
                },
                {
                    "id": "SDRW2100000089.1.1.76",
                    "form": "그러면 청소도 할 때 그냥 막 하는 게 아니라",
                    "original_form": "그러면 청소도 할 때 그냥 막 하는 게 아니라",
                    "speaker_id": "SD2100089",
                    "start": "292.82901",
                    "end": "296.57700",
                    "note": ""
                },
                {
                    "id": "SDRW2100000089.1.1.77",
                    "form": "약간의 운동을 섞어서 같이 청소를 하고 하면은",
                    "original_form": "약간의 운동을 섞어서 같이 청소를 하고 하면은",
                    "speaker_id": "SD2100089",
                    "start": "296.57700",
                    "end": "301.58900",
                    "note": ""
                },
                {
                    "id": "SDRW2100000089.1.1.78",
                    "form": "생활적인 운동이 되지 않을까 싶은데",
                    "original_form": "생활적인 운동이 되지 않을까 싶은데",
                    "speaker_id": "SD2100089",
                    "start": "301.58900",
                    "end": "304.40100",
                    "note": ""
                },
                {
                    "id": "SDRW2100000089.1.1.79",
                    "form": "너는 꼭 헬스클럽이나 운동할 수 있는 그런 데를 꼭 가서",
                    "original_form": "너는 꼭 헬스클럽이나 운동할 수 있는 그런 데를 꼭 가서",
                    "speaker_id": "SD2100089",
                    "start": "304.40100",
                    "end": "309.66901",
                    "note": ""
                },
                {
                    "id": "SDRW2100000089.1.1.80",
                    "form": "해야 된다라고 생각하고 있는 거야?",
                    "original_form": "해야 된다라고 생각하고 있는 거야?",
                    "speaker_id": "SD2100089",
                    "start": "309.66901",
                    "end": "312.43900",
                    "note": ""
                },
                {
                    "id": "SDRW2100000089.1.1.81",
                    "form": "어 아무래도 저는 그 생각이 많이 잡혀 있고",
                    "original_form": "어 아무래도 저는 그 생각이 많이 잡혀 있고",
                    "speaker_id": "SD2100090",
                    "start": "312.87900",
                    "end": "316.58901",
                    "note": ""
                },
                {
                    "id": "SDRW2100000089.1.1.82",
                    "form": "전에도 한번 헬스장을 가 봐 가 봤기 때문에",
                    "original_form": "전에도 한번 헬스장을 -가 봐- 가 봤기 때문에",
                    "speaker_id": "SD2100090",
                    "start": "317.15192",
                    "end": "321.21901",
                    "note": ""
                },
                {
                    "id": "SDRW2100000089.1.1.83",
                    "form": "헬스장 헬스 헬스장에서 다다녀서",
                    "original_form": "헬스장 헬스 헬스장에서 -다-다녀서",
                    "speaker_id": "SD2100090",
                    "start": "321.21901",
                    "end": "324.64900",
                    "note": ""
                },
                {
                    "id": "SDRW2100000089.1.1.84",
                    "form": "운동을 하는 거랑",
                    "original_form": "운동을 하는 거랑",
                    "speaker_id": "SD2100090",
                    "start": "324.64900",
                    "end": "326.33900",
                    "note": ""
                },
                {
                    "id": "SDRW2100000089.1.1.85",
                    "form": "그냥 집에서 운동을 한 거랑 차이를 확연하게 느낄 수 있는 계기가 되었죠.",
                    "original_form": "그냥 집에서 운동을 한 거랑 차이를 확연하게 느낄 수 있는 계기가 되었죠.",
                    "speaker_id": "SD2100090",
                    "start": "326.33900",
                    "end": "331.50900",
                    "note": ""
                },
                {
                    "id": "SDRW2100000089.1.1.86",
                    "form": "음 그러면 아무래도 내가 혼자서 운동을 하거나 하면은 좀 부족한 부분이 많다고 생각을 하는 거고",
                    "original_form": "음 그러면 아무래도 내가 혼자서 운동을 하거나 하면은 쫌 부족한 부분이 많다고 생각을 하는 거고",
                    "speaker_id": "SD2100089",
                    "start": "332.48901",
                    "end": "333.67795",
                    "note": ""
                },
                {
                    "id": "SDRW2100000089.1.1.87",
                    "form": "음 그러면 아무래도 내가 혼자서 운동을 하거나 하면은 좀 부족한 부분이 많다고 생각을 하는 거고",
                    "original_form": "음 그러면 아무래도 내가 혼자서 운동을 하거나 하면은 쫌 부족한 부분이 많다고 생각을 하는 거고",
                    "speaker_id": "SD2100089",
                    "start": "333.67795",
                    "end": "340.70900",
                    "note": ""
                },
                {
                    "id": "SDRW2100000089.1.1.88",
                    "form": "뭐 운동 기구 있고 체계적인 트레이너가 있으면 아무래도 혼자 하는 것보다는",
                    "original_form": "뭐 운동 기구 있고 체계적인 트레이너가 있으면 아무래도 혼자 하는 것보다는",
                    "speaker_id": "SD2100089",
                    "start": "340.70900",
                    "end": "346.95900",
                    "note": ""
                },
                {
                    "id": "SDRW2100000089.1.1.89",
                    "form": "그분들이 가르쳐 주고",
                    "original_form": "그분들이 가르켜 주고",
                    "speaker_id": "SD2100089",
                    "start": "346.95900",
                    "end": "349.36899",
                    "note": ""
                },
                {
                    "id": "SDRW2100000089.1.1.90",
                    "form": "체계적으로 하는 게",
                    "original_form": "체계적으로 하는 게",
                    "speaker_id": "SD2100089",
                    "start": "349.36899",
                    "end": "351.14899",
                    "note": ""
                },
                {
                    "id": "SDRW2100000089.1.1.91",
                    "form": "네가 생각하기에는",
                    "original_form": "너가 생각하기에는",
                    "speaker_id": "SD2100089",
                    "start": "351.14899",
                    "end": "353.01901",
                    "note": ""
                },
                {
                    "id": "SDRW2100000089.1.1.92",
                    "form": "훨씬 더 효율적인 운동이 된다 그렇게 생각하고 있는 거지?",
                    "original_form": "훨씬 더 효율적인 운동이 된다 그렇게 생각하고 있는 거지?",
                    "speaker_id": "SD2100089",
                    "start": "353.01901",
                    "end": "357.70900",
                    "note": ""
                },
                {
                    "id": "SDRW2100000089.1.1.93",
                    "form": "네. 그렇게 생각하고 있고 전에는",
                    "original_form": "네. 그렇게 생각하고 있고 전에는",
                    "speaker_id": "SD2100090",
                    "start": "358.11901",
                    "end": "360.53901",
                    "note": ""
                },
                {
                    "id": "SDRW2100000089.1.1.94",
                    "form": "피티를 안 받고 그냥 제 혼자서 해 봤고",
                    "original_form": "피티를 안 받고 그냥 제 혼자서 해 봤고",
                    "speaker_id": "SD2100090",
                    "start": "360.53901",
                    "end": "363.78901",
                    "note": ""
                },
                {
                    "id": "SDRW2100000089.1.1.95",
                    "form": "근데 그렇게 하면은 오히려",
                    "original_form": "근데 그렇게 하면은 오히려",
                    "speaker_id": "SD2100090",
                    "start": "363.78901",
                    "end": "365.95901",
                    "note": ""
                },
                {
                    "id": "SDRW2100000089.1.1.96",
                    "form": "힘들었던 기억이 있어서 한번",
                    "original_form": "힘들었던 기억이 있어서 한번",
                    "speaker_id": "SD2100090",
                    "start": "365.95901",
                    "end": "368.81899",
                    "note": ""
                },
                {
                    "id": "SDRW2100000089.1.1.97",
                    "form": "이번에는 피티를 받으면서 해 보는 게 어떨까 싶어요.",
                    "original_form": "이번에는 피티를 받으면서 해 보는 게 어떨까 싶어요.",
                    "speaker_id": "SD2100090",
                    "start": "368.81899",
                    "end": "373.08901",
                    "note": ""
                },
                {
                    "id": "SDRW2100000089.1.1.98",
                    "form": "응 그래 그 생각은 나쁜 거 같진 않은데",
                    "original_form": "응 그래 그 생각은 나쁜 거 같진 않은데",
                    "speaker_id": "SD2100089",
                    "start": "374.81899",
                    "end": "379.26300",
                    "note": ""
                },
                {
                    "id": "SDRW2100000089.1.1.99",
                    "form": "근데 일찍 어 생각해 보면은 물질적으로 돈이 좀 들어가는 거잖아.",
                    "original_form": "근데 ((일찍)) 어 생각해 보면은 물질적으로 돈이 좀 들어가는 거잖아.",
                    "speaker_id": "SD2100089",
                    "start": "379.26300",
                    "end": "385.06700",
                    "note": ""
                },
                {
                    "id": "SDRW2100000089.1.1.100",
                    "form": "그래서 요즘에는 홈 트레이닝도 많이 하는데",
                    "original_form": "그래서 요즘에는 홈 트레이닝도 많이 하는데",
                    "speaker_id": "SD2100089",
                    "start": "385.06700",
                    "end": "389.40900",
                    "note": ""
                },
                {
                    "id": "SDRW2100000089.1.1.101",
                    "form": "어 홈 트레이닝 하는 거 쪽으로는 생각해 본 적은 없는 거야?",
                    "original_form": "어~ 홈 트레이닝 하는 거 쪽으로는 생각해 본 적은 없는 거야?",
                    "speaker_id": "SD2100089",
                    "start": "389.40900",
                    "end": "393.70901",
                    "note": ""
                },
                {
                    "id": "SDRW2100000089.1.1.102",
                    "form": "홈 트레이닝도 한번 해 보려고 앱도 깔아보고",
                    "original_form": "홈 트레이닝도 한번 해 보려고 앱도 깔아보고",
                    "speaker_id": "SD2100090",
                    "start": "394.47900",
                    "end": "398.21901",
                    "note": ""
                },
                {
                    "id": "SDRW2100000089.1.1.103",
                    "form": "그걸 실제로 해보기도 했지만 홈 트레이닝 앱 안에서도",
                    "original_form": "그걸 실제로 해보기도 했지만 홈 트레이닝 앱 안에서도",
                    "speaker_id": "SD2100090",
                    "start": "398.70700",
                    "end": "403.35899",
                    "note": ""
                },
                {
                    "id": "SDRW2100000089.1.1.104",
                    "form": "뭐 여러 가지 기구를 요청하기도 했고 힘든 경우도 있어서",
                    "original_form": "뭐 여러 가지 기구를 요청하기도 했고 힘든 경우도 있어서",
                    "speaker_id": "SD2100090",
                    "start": "403.35899",
                    "end": "408.61899",
                    "note": ""
                },
                {
                    "id": "SDRW2100000089.1.1.105",
                    "form": "그냥 헬스장에서 피티 선생님이랑 같이 하면은",
                    "original_form": "그냥 헬스장에서 피티 선생님이랑 같이 하면은",
                    "speaker_id": "SD2100090",
                    "start": "408.61899",
                    "end": "412.73901",
                    "note": ""
                },
                {
                    "id": "SDRW2100000089.1.1.106",
                    "form": "포기를 뭔가 안 할 거 같아서",
                    "original_form": "포기를 뭔가 안 할 거 같아서",
                    "speaker_id": "SD2100090",
                    "start": "412.73901",
                    "end": "415.14901",
                    "note": ""
                },
                {
                    "id": "SDRW2100000089.1.1.107",
                    "form": "그래서 헬스장을 선택을 했죠.",
                    "original_form": "그래서 헬스장을 선택을 했죠.",
                    "speaker_id": "SD2100090",
                    "start": "415.14901",
                    "end": "417.55901",
                    "note": ""
                },
                {
                    "id": "SDRW2100000089.1.1.108",
                    "form": "음 그래 그 방법도 그래 너 생각이 그렇다면",
                    "original_form": "음 그래 그 방법도 그래 너 생각이 그렇다면",
                    "speaker_id": "SD2100089",
                    "start": "420.24901",
                    "end": "425.17300",
                    "note": ""
                },
                {
                    "id": "SDRW2100000089.1.1.109",
                    "form": "그런 쪽으로 해서 열심히 몸을 만들고",
                    "original_form": "그런 쪽으로 해서 열심히 몸을 만들고",
                    "speaker_id": "SD2100089",
                    "start": "425.17300",
                    "end": "428.49900",
                    "note": ""
                },
                {
                    "id": "SDRW2100000089.1.1.110",
                    "form": "꾸준히 운동을 하는 게 훨씬 더 좋을 것 같다는 생각이 드네?",
                    "original_form": "꾸준히 운동을 하는 게 훨씬 더 좋을 것 같다는 생각이 드네?",
                    "speaker_id": "SD2100089",
                    "start": "428.49900",
                    "end": "432.34900",
                    "note": ""
                },
                {
                    "id": "SDRW2100000089.1.1.111",
                    "form": "네. 그러면 저도 그 의견에 적극 반영을 해서",
                    "original_form": "네. 그러면 저도 그 의견에 적극 반영을 해서",
                    "speaker_id": "SD2100090",
                    "start": "433.86899",
                    "end": "438.05901",
                    "note": ""
                },
                {
                    "id": "SDRW2100000089.1.1.112",
                    "form": "열심히 한번 해 보는 쪽으로",
                    "original_form": "열심히 한번 해 보는 쪽으로",
                    "speaker_id": "SD2100090",
                    "start": "438.81069",
                    "end": "441.51900",
                    "note": ""
                },
                {
                    "id": "SDRW2100000089.1.1.113",
                    "form": "그렇게 반영을 해 보겠습니다.",
                    "original_form": "그렇게 반영을 해 보겠습니다.",
                    "speaker_id": "SD2100090",
                    "start": "441.51900",
                    "end": "443.74901",
                    "note": ""
                },
                {
                    "id": "SDRW2100000089.1.1.114",
                    "form": "음 그래 그러면은",
                    "original_form": "음 그래 그러면은",
                    "speaker_id": "SD2100089",
                    "start": "443.88899",
                    "end": "446.81300",
                    "note": ""
                },
                {
                    "id": "SDRW2100000089.1.1.115",
                    "form": "근데 혼자 운동을 다니다 보면은",
                    "original_form": "근데 혼자 운동을 다니다 보면은",
                    "speaker_id": "SD2100089",
                    "start": "446.81300",
                    "end": "451.15559",
                    "note": ""
                },
                {
                    "id": "SDRW2100000089.1.1.116",
                    "form": "좀 심심하기도 하고",
                    "original_form": "좀 심심하기도 하고",
                    "speaker_id": "SD2100089",
                    "start": "451.15559",
                    "end": "453.70901",
                    "note": ""
                },
                {
                    "id": "SDRW2100000089.1.1.117",
                    "form": "누가 옆에서 같이 있으면 훨씬 더 잘 되지 않을까 하는 생각에",
                    "original_form": "누가 옆에서 같이 있으면 훨씬 더 잘 되지 않을까 하는 생각에",
                    "speaker_id": "SD2100089",
                    "start": "453.70901",
                    "end": "457.91899",
                    "note": ""
                },
                {
                    "id": "SDRW2100000089.1.1.118",
                    "form": "그런 걸 하면 더 좋지 않을까?",
                    "original_form": "그런 걸 하면 더 좋지 않을까?",
                    "speaker_id": "SD2100089",
                    "start": "457.91899",
                    "end": "459.84901",
                    "note": ""
                },
                {
                    "id": "SDRW2100000089.1.1.119",
                    "form": "음 그렇게 생각 그렇게 생각을 하고",
                    "original_form": "음 그렇게 생각 그렇게 생각을 하고",
                    "speaker_id": "SD2100090",
                    "start": "460.94899",
                    "end": "464.11899",
                    "note": ""
                },
                {
                    "id": "SDRW2100000089.1.1.120",
                    "form": "혹시라도 제가 만약에 운동을",
                    "original_form": "혹시라도 제가 만약에 운동을",
                    "speaker_id": "SD2100090",
                    "start": "464.60700",
                    "end": "468.47900",
                    "note": ""
                },
                {
                    "id": "SDRW2100000089.1.1.121",
                    "form": "운동을 만약에 포기하고 싶다 하거나",
                    "original_form": "운동을 만약에 포기하고 싶다 하거나",
                    "speaker_id": "SD2100090",
                    "start": "468.47900",
                    "end": "471.66900",
                    "note": ""
                },
                {
                    "id": "SDRW2100000089.1.1.122",
                    "form": "아예 그냥 운동에 대한 관심이 없어지는 날은",
                    "original_form": "아예 그냥 운동에 대한 관심이 없어지는 날은",
                    "speaker_id": "SD2100090",
                    "start": "472.41057",
                    "end": "476.95900",
                    "note": ""
                },
                {
                    "id": "SDRW2100000089.1.1.123",
                    "form": "없겠끔 하지하진 않을까 생각을 해요.",
                    "original_form": "없겠끔 -하지-하진 않을까 생각을 해요.",
                    "speaker_id": "SD2100090",
                    "start": "476.95900",
                    "end": "481.37901",
                    "note": ""
                },
                {
                    "id": "SDRW2100000089.1.1.124",
                    "form": "그래. 그러면은",
                    "original_form": "그래. 그러면은",
                    "speaker_id": "SD2100089",
                    "start": "482.83900",
                    "end": "484.44901",
                    "note": ""
                },
                {
                    "id": "SDRW2100000089.1.1.125",
                    "form": "어",
                    "original_form": "어~",
                    "speaker_id": "SD2100089",
                    "start": "484.44901",
                    "end": "485.56900",
                    "note": ""
                },
                {
                    "id": "SDRW2100000089.1.1.126",
                    "form": "집 근처에 있는",
                    "original_form": "집 근처에 있는",
                    "speaker_id": "SD2100089",
                    "start": "485.56900",
                    "end": "488.15899",
                    "note": ""
                },
                {
                    "id": "SDRW2100000089.1.1.127",
                    "form": "그 헬스클럽이나 좀 알아보고",
                    "original_form": "그 헬스클럽이나 좀 알아보고",
                    "speaker_id": "SD2100089",
                    "start": "488.15899",
                    "end": "491.07900",
                    "note": ""
                },
                {
                    "id": "SDRW2100000089.1.1.128",
                    "form": "한번 체험 한번 해 보고 그쪽이 괜찮은지 잘 생각을 해 보고",
                    "original_form": "한번 체험 한번 해 보고 그쪽이 괜찮은지 잘 생각을 해 보고",
                    "speaker_id": "SD2100089",
                    "start": "491.07900",
                    "end": "496.66899",
                    "note": ""
                },
                {
                    "id": "SDRW2100000089.1.1.129",
                    "form": "한번 다니는 걸로 생각을 해 보자.",
                    "original_form": "한번 다니는 걸로 생각을 해 보자.",
                    "speaker_id": "SD2100089",
                    "start": "496.66899",
                    "end": "499.37900",
                    "note": ""
                },
                {
                    "id": "SDRW2100000089.1.1.130",
                    "form": "네 그렇게 한번 해서 열심히 다녀 보도록 하겠습니다.",
                    "original_form": "네 그렇게 한번 해서 열심히 다녀 보도록 하겠습니다.",
                    "speaker_id": "SD2100090",
                    "start": "499.87900",
                    "end": "504.12900",
                    "note": ""
                },
                {
                    "id": "SDRW2100000089.1.1.131",
                    "form": "그리고 이제 그 네가 제일 친하다는 친구 있잖아.",
                    "original_form": "그리고 이제 그 너가 제일 친하다는 친구 있잖아.",
                    "speaker_id": "SD2100089",
                    "start": "508.28900",
                    "end": "512.62899",
                    "note": ""
                },
                {
                    "id": "SDRW2100000089.1.1.132",
                    "form": "그 친구랑은 같이 다닐 생각은 없는 거야?",
                    "original_form": "그 친구랑은 같이 다닐 생각은 없는 거야?",
                    "speaker_id": "SD2100089",
                    "start": "512.62899",
                    "end": "516.47899",
                    "note": ""
                },
                {
                    "id": "SDRW2100000089.1.1.133",
                    "form": "그 친구한테도 권유를 한번 해 보긴 했지만",
                    "original_form": "그 친구한테도 권유를 한번 해 보긴 했지만",
                    "speaker_id": "SD2100090",
                    "start": "517.03899",
                    "end": "520.71901",
                    "note": ""
                },
                {
                    "id": "SDRW2100000089.1.1.134",
                    "form": "일단은 그 친구는 별로 안 당긴다고 하긴 했어요.",
                    "original_form": "일단은 그 친구는 별로 안 땡긴다고 하긴 했어요.",
                    "speaker_id": "SD2100090",
                    "start": "520.71901",
                    "end": "525.16901",
                    "note": ""
                },
                {
                    "id": "SDRW2100000089.1.1.135",
                    "form": "음 그 친구는 일단 복싱을 하고 있으니까",
                    "original_form": "음 그 친구는 일단 뽁싱을 하고 있으니까",
                    "speaker_id": "SD2100089",
                    "start": "526.62900",
                    "end": "530.15488",
                    "note": ""
                },
                {
                    "id": "SDRW2100000089.1.1.136",
                    "form": "굳이 헬스클럽을 가서",
                    "original_form": "굳이 헬스클럽을 가서",
                    "speaker_id": "SD2100089",
                    "start": "530.15488",
                    "end": "533.13900",
                    "note": ""
                },
                {
                    "id": "SDRW2100000089.1.1.137",
                    "form": "운동을 굳이 할 필요가 없고 자기는 복싱을 하고 있으니까",
                    "original_form": "운동을 굳이 할 필요가 없고 자기는 뽁싱을 하고 있으니까",
                    "speaker_id": "SD2100089",
                    "start": "533.13900",
                    "end": "537.94902",
                    "note": ""
                },
                {
                    "id": "SDRW2100000089.1.1.138",
                    "form": "그런 쪽으로 계속 운동을 하고",
                    "original_form": "그런 쪽으로 계속 운동을 하고",
                    "speaker_id": "SD2100089",
                    "start": "537.94902",
                    "end": "541.05700",
                    "note": ""
                },
                {
                    "id": "SDRW2100000089.1.1.139",
                    "form": "그런 쪽으로 흥미가 많으니까 너랑은 같이 다닐 생각이 없다 이런 말이야?",
                    "original_form": "그런 쪽으로 흥미가 많으니까 너랑은 같이 다닐 생각이 없다 이런 말이야?",
                    "speaker_id": "SD2100089",
                    "start": "541.05700",
                    "end": "546.87900",
                    "note": ""
                },
                {
                    "id": "SDRW2100000089.1.1.140",
                    "form": "네. 뭐",
                    "original_form": "네. 뭐",
                    "speaker_id": "SD2100090",
                    "start": "547.49900",
                    "end": "548.41901",
                    "note": ""
                },
                {
                    "id": "SDRW2100000089.1.1.141",
                    "form": "정리하자면 그렇게 돼요.",
                    "original_form": "정리하자면 그렇게 돼요.",
                    "speaker_id": "SD2100090",
                    "start": "548.41901",
                    "end": "550.58901",
                    "note": ""
                },
                {
                    "id": "SDRW2100000089.1.1.142",
                    "form": "음 그래 그러면은 혼자 다니면 너 좀 심심하지 않을까?",
                    "original_form": "음 그래 그러면은 혼자 다니면 너 쫌 심심하지 않을까?",
                    "speaker_id": "SD2100089",
                    "start": "553.51901",
                    "end": "558.15898",
                    "note": ""
                },
                {
                    "id": "SDRW2100000089.1.1.143",
                    "form": "그래서 한번 다른 친구들은 어떨까 하고",
                    "original_form": "그래서 한번 다른 친구들은 어떨까 하고",
                    "speaker_id": "SD2100090",
                    "start": "559.19902",
                    "end": "563.21900",
                    "note": ""
                },
                {
                    "id": "SDRW2100000089.1.1.144",
                    "form": "연락 한번 돌리는 게 어떨까 생각을 해 보고 있어요.",
                    "original_form": "연락 한번 돌리는 게 어떨까 생각을 해 보고 있어요.",
                    "speaker_id": "SD2100090",
                    "start": "563.21900",
                    "end": "567.20902",
                    "note": ""
                },
                {
                    "id": "SDRW2100000089.1.1.145",
                    "form": "응 그래?",
                    "original_form": "응 그래?",
                    "speaker_id": "SD2100089",
                    "start": "567.70902",
                    "end": "569.04901",
                    "note": ""
                },
                {
                    "id": "SDRW2100000089.1.1.146",
                    "form": "그래 그러면 친구 괜찮은 친구가 있거나",
                    "original_form": "그래 그러면 친구 괜찮은 친구가 있거나",
                    "speaker_id": "SD2100089",
                    "start": "569.04901",
                    "end": "572.80898",
                    "note": ""
                },
                {
                    "id": "SDRW2100000089.1.1.147",
                    "form": "너랑 마음이 맞는 친구가 있으면",
                    "original_form": "너랑 마음이 맞는 친구가 있으면",
                    "speaker_id": "SD2100089",
                    "start": "572.80898",
                    "end": "575.69300",
                    "note": ""
                },
                {
                    "id": "SDRW2100000089.1.1.148",
                    "form": "같이 다니다 보면은 힘든 것도 이제 반이 된다고 하잖아.",
                    "original_form": "같이 다니다 보면은 힘든 것도 이제 반이 된다고 하잖아.",
                    "speaker_id": "SD2100089",
                    "start": "575.69300",
                    "end": "580.23903",
                    "note": ""
                },
                {
                    "id": "SDRW2100000089.1.1.149",
                    "form": "그러면은 너도 계속 꾸준히 잘 다닐 수 있을 것 같기도 하고",
                    "original_form": "그러면은 너도 계속 꾸준히 잘 다닐 수 있을 것 같기도 하고",
                    "speaker_id": "SD2100089",
                    "start": "580.23903",
                    "end": "584.92899",
                    "note": ""
                },
                {
                    "id": "SDRW2100000089.1.1.150",
                    "form": "너랑 같이 운동 다닐 수 있는 친구를 만나 가지고",
                    "original_form": "너랑 같이 운동 다닐 수 있는 친구를 만나 가지고",
                    "speaker_id": "SD2100089",
                    "start": "584.92899",
                    "end": "589.13682",
                    "note": ""
                },
                {
                    "id": "SDRW2100000089.1.1.151",
                    "form": "같이 꾸준히 열심히 운동을 했으면 좋겠어.",
                    "original_form": "같이 꾸준히 열심히 운동을 했으면 좋겠어.",
                    "speaker_id": "SD2100089",
                    "start": "589.13682",
                    "end": "592.74899",
                    "note": ""
                },
                {
                    "id": "SDRW2100000089.1.1.152",
                    "form": "네 그 의견을 적극 찬성을 하고요.",
                    "original_form": "네 그 의견을 적극 찬성을 하고요.",
                    "speaker_id": "SD2100090",
                    "start": "594.17898",
                    "end": "596.95285",
                    "note": ""
                },
                {
                    "id": "SDRW2100000089.1.1.153",
                    "form": "아니면 친구가 친구가 아니더라도 친구가",
                    "original_form": "아니면 친구가 친구가 아니더라도 친구가",
                    "speaker_id": "SD2100090",
                    "start": "596.95285",
                    "end": "601.70900",
                    "note": ""
                },
                {
                    "id": "SDRW2100000089.1.1.154",
                    "form": "몇 명이든 모두 다 안 될 수 있으니까 그냥 가족끼리 해도",
                    "original_form": "몇 명이든 모두 다 안 될 수 있으니까 그냥 가족끼리 해도",
                    "speaker_id": "SD2100090",
                    "start": "601.70900",
                    "end": "606.40900",
                    "note": ""
                },
                {
                    "id": "SDRW2100000089.1.1.155",
                    "form": "그것도 괜찮다 생각합니다.",
                    "original_form": "그것도 괜찮다 생각합니다.",
                    "speaker_id": "SD2100090",
                    "start": "606.40900",
                    "end": "608.17902",
                    "note": ""
                },
                {
                    "id": "SDRW2100000089.1.1.156",
                    "form": "음 가족끼리 같이 헬스장에 가서 같이 운동을 하자?",
                    "original_form": "음 가족끼리 같이 헬스장에 가서 같이 운동을 하자?",
                    "speaker_id": "SD2100089",
                    "start": "609.27899",
                    "end": "613.22903",
                    "note": ""
                },
                {
                    "id": "SDRW2100000089.1.1.157",
                    "form": "그것도 좋긴 한데 엄마 같은 경우는 이제 일을 하고 바쁘잖아.",
                    "original_form": "그것도 좋긴 한데 엄마 같은 경우는 이제 일을 하고 바쁘잖아.",
                    "speaker_id": "SD2100089",
                    "start": "614.59902",
                    "end": "619.89897",
                    "note": ""
                },
                {
                    "id": "SDRW2100000089.1.1.158",
                    "form": "근데 시간 인제 운동을 하려면",
                    "original_form": "근데 시간 인제 운동을 할려면은",
                    "speaker_id": "SD2100089",
                    "start": "619.89897",
                    "end": "622.71648",
                    "note": ""
                },
                {
                    "id": "SDRW2100000089.1.1.159",
                    "form": "그 시간을 내서 해야 되긴 하는데 그래서 아까 내가 말한 게",
                    "original_form": "그 시간을 내서 해야 되긴 하는데 그래서 아까 내가 말한 게",
                    "speaker_id": "SD2100089",
                    "start": "622.71648",
                    "end": "627.41898",
                    "note": ""
                },
                {
                    "id": "SDRW2100000089.1.1.160",
                    "form": "꼭 헬스트레이너 뭐 거기 가서 하는 것 보다는",
                    "original_form": "꼬 헬스트레이너 뭐 거기 가서 하는 것 보다는",
                    "speaker_id": "SD2100089",
                    "start": "627.41898",
                    "end": "630.87903",
                    "note": ""
                },
                {
                    "id": "SDRW2100000089.1.1.161",
                    "form": "집에서 하는 게 훨씬 더 좋지 않을까 라고 얘기했던 거였거든.",
                    "original_form": "집에서 하는 게 훨씬 더 좋지 않을까 라고 얘기했던 거였거든.",
                    "speaker_id": "SD2100089",
                    "start": "630.87903",
                    "end": "635.35500",
                    "note": ""
                },
                {
                    "id": "SDRW2100000089.1.1.162",
                    "form": "근데 너 의견은",
                    "original_form": "근데 너 의견은",
                    "speaker_id": "SD2100089",
                    "start": "635.35500",
                    "end": "636.83898",
                    "note": ""
                },
                {
                    "id": "SDRW2100000089.1.1.163",
                    "form": "집에서 하는 거보다는 헬스클럽 가서",
                    "original_form": "집에서 하는 거보다는 헬스클럽 가서",
                    "speaker_id": "SD2100089",
                    "start": "636.83898",
                    "end": "640.23903",
                    "note": ""
                },
                {
                    "id": "SDRW2100000089.1.1.164",
                    "form": "배우는 게 훨씬 더 효율적이다 그래서 친구랑 같이 맞는 친구를 만나서",
                    "original_form": "배우는 게 훨씬 더 효율적이다 그래서 친구랑 같이 맞는 친구를 만나서",
                    "speaker_id": "SD2100089",
                    "start": "640.23903",
                    "end": "646.15897",
                    "note": ""
                },
                {
                    "id": "SDRW2100000089.1.1.165",
                    "form": "같이 하는 게 좋다 라고 한 거잖아?",
                    "original_form": "같이 하는 게 좋다 라고 한 거잖아?",
                    "speaker_id": "SD2100089",
                    "start": "646.15897",
                    "end": "648.47900",
                    "note": ""
                },
                {
                    "id": "SDRW2100000089.1.1.166",
                    "form": "음 그럼 그건 조금 더",
                    "original_form": "음 그럼 그건 쪼끔 더",
                    "speaker_id": "SD2100089",
                    "start": "648.95091",
                    "end": "651.69900",
                    "note": ""
                },
                {
                    "id": "SDRW2100000089.1.1.167",
                    "form": "생각해 보고",
                    "original_form": "생각해 보고",
                    "speaker_id": "SD2100089",
                    "start": "651.69900",
                    "end": "653.11901",
                    "note": ""
                },
                {
                    "id": "SDRW2100000089.1.1.168",
                    "form": "너가 친구를 사귈 때에 친구의 어떤 점을 보고",
                    "original_form": "너가 친구를 사귈 때에 친구의 어떤 점을 보고",
                    "speaker_id": "SD2100089",
                    "start": "654.69902",
                    "end": "660.65901",
                    "note": ""
                },
                {
                    "id": "SDRW2100000089.1.1.169",
                    "form": "사귀는 거 같아?",
                    "original_form": "사귀는 거 같애?",
                    "speaker_id": "SD2100089",
                    "start": "660.65901",
                    "end": "662.34897",
                    "note": ""
                },
                {
                    "id": "SDRW2100000089.1.1.170",
                    "form": "일단은 그 친구의",
                    "original_form": "일따는 그 친구의",
                    "speaker_id": "SD2100090",
                    "start": "663.14902",
                    "end": "665.77899",
                    "note": ""
                },
                {
                    "id": "SDRW2100000089.1.1.171",
                    "form": "착한 착한 성격과 물질적으로는 뭐",
                    "original_form": "착한 착한 성격과 물질적으로는 뭐",
                    "speaker_id": "SD2100090",
                    "start": "665.77899",
                    "end": "671.60897",
                    "note": ""
                },
                {
                    "id": "SDRW2100000089.1.1.172",
                    "form": "저를 돈 안 내게끔 하는 뭐 그런 행동들이",
                    "original_form": "저를 돈 안 내게끔 하는 뭐 그런 행동들이",
                    "speaker_id": "SD2100090",
                    "start": "671.60897",
                    "end": "676.08898",
                    "note": ""
                },
                {
                    "id": "SDRW2100000089.1.1.173",
                    "form": "너무 너무 착하다 라는 생각을 들게끔 했고",
                    "original_form": "너무 너무 착하다 라는 생각을 들게끔 했고",
                    "speaker_id": "SD2100090",
                    "start": "676.87776",
                    "end": "681.01899",
                    "note": ""
                },
                {
                    "id": "SDRW2100000089.1.1.174",
                    "form": "나랑 너무 잘 맞는다 라는 생각을 하게끔 했어요.",
                    "original_form": "나랑 너무 잘 맞는다 라는 생각을 하게끔 했어요.",
                    "speaker_id": "SD2100090",
                    "start": "681.01899",
                    "end": "684.74900",
                    "note": ""
                },
                {
                    "id": "SDRW2100000089.1.1.175",
                    "form": "응 그래서 그 친구랑 지금까지 잘 지내고 있는 거지?",
                    "original_form": "응 그래서 그 친구랑 지금까지 잘 지내고 있는 거지?",
                    "speaker_id": "SD2100089",
                    "start": "685.99900",
                    "end": "690.30902",
                    "note": ""
                },
                {
                    "id": "SDRW2100000089.1.1.176",
                    "form": "네.",
                    "original_form": "네.",
                    "speaker_id": "SD2100090",
                    "start": "690.47900",
                    "end": "691.15902",
                    "note": ""
                },
                {
                    "id": "SDRW2100000089.1.1.177",
                    "form": "근데 가끔씩 아무리 친한 친구라도",
                    "original_form": "근데 가끔씩 아무리 친한 친구라도",
                    "speaker_id": "SD2100089",
                    "start": "691.21125",
                    "end": "694.64897",
                    "note": ""
                },
                {
                    "id": "SDRW2100000089.1.1.178",
                    "form": "의견이 서로 안 맞을 때가 있고 싸울 때가 있는데",
                    "original_form": "의견이 서로 안 맞을 때가 있고 싸울 때가 있는데",
                    "speaker_id": "SD2100089",
                    "start": "694.64897",
                    "end": "699.12898",
                    "note": ""
                },
                {
                    "id": "SDRW2100000089.1.1.179",
                    "form": "너 그 친한 친구 하고는",
                    "original_form": "너 그 친한 친구 하고는",
                    "speaker_id": "SD2100089",
                    "start": "699.12898",
                    "end": "701.89902",
                    "note": ""
                },
                {
                    "id": "SDRW2100000089.1.1.180",
                    "form": "잘 싸우는 일은 어때 많지는 않아?",
                    "original_form": "잘 싸우는 일은 어때 많지는 않아?",
                    "speaker_id": "SD2100089",
                    "start": "701.89902",
                    "end": "705.14899",
                    "note": ""
                },
                {
                    "id": "SDRW2100000089.1.1.181",
                    "form": "그 잘 싸우는 일은 많지는 않은데 있긴 있더라도",
                    "original_form": "그 잘 싸우는 일은 많지는 않은데 있긴 있더라도",
                    "speaker_id": "SD2100090",
                    "start": "706.06897",
                    "end": "711.63900",
                    "note": ""
                },
                {
                    "id": "SDRW2100000089.1.1.182",
                    "form": "제가 먼저 사과를 하거나 그 친구가 먼저 사과를 한 쪽이 많아요.",
                    "original_form": "제가 먼저 사과를 하거나 그 친구가 먼저 사과를 한 쪽이 많아요.",
                    "speaker_id": "SD2100090",
                    "start": "711.63900",
                    "end": "716.95897",
                    "note": ""
                },
                {
                    "id": "SDRW2100000089.1.1.183",
                    "form": "음 서로 서로 그래도 잘 못해서 싸우는 경우도 있지만",
                    "original_form": "음 서로 서로 그래도 잘 못해서 싸우는 경우도 있지만",
                    "speaker_id": "SD2100089",
                    "start": "718.08898",
                    "end": "722.30897",
                    "note": ""
                },
                {
                    "id": "SDRW2100000089.1.1.184",
                    "form": "서로 서로 먼저 사과하고 화해하고 그렇게 해서",
                    "original_form": "서로 서로 먼저 사과하고 화해하고 그렇게 해서",
                    "speaker_id": "SD2100089",
                    "start": "722.30897",
                    "end": "727.77903",
                    "note": ""
                },
                {
                    "id": "SDRW2100000089.1.1.185",
                    "form": "풀어지고 그런다는 거잖아.",
                    "original_form": "풀어지고 그런다는 거잖아.",
                    "speaker_id": "SD2100089",
                    "start": "727.77903",
                    "end": "730.15900",
                    "note": ""
                },
                {
                    "id": "SDRW2100000089.1.1.186",
                    "form": "그러면은 그 친구랑 왜 이제 3학년이 됐으면 좀 있으면 성인인데",
                    "original_form": "그러면은 그 친구랑 왜 인제 삼 학년이 됐으면 쫌 있으면 성인인데",
                    "speaker_id": "SD2100089",
                    "start": "732.96899",
                    "end": "738.81300",
                    "note": ""
                },
                {
                    "id": "SDRW2100000089.1.1.187",
                    "form": "친구랑 뭐 1박 2일 이런지 2박 3일로 여행 가고 싶다 거나 그런 적은 없었어?",
                    "original_form": "친구랑 뭐 일 박 이 일 이런지 이 박 삼 일로 여행 가고 싶다 거나 그런 적은 없었어?",
                    "speaker_id": "SD2100089",
                    "start": "738.81300",
                    "end": "746.31902",
                    "note": ""
                },
                {
                    "id": "SDRW2100000089.1.1.188",
                    "form": "그런 적은 많았는데 아무래도",
                    "original_form": "그런 적은 많았는데 아무래도",
                    "speaker_id": "SD2100090",
                    "start": "746.76507",
                    "end": "749.93356",
                    "note": ""
                },
                {
                    "id": "SDRW2100000089.1.1.189",
                    "form": "그 친구에 시간적으로도 맞지도 않고 해서",
                    "original_form": "그 친구에 시간적으로도 맞지도 않고 해서",
                    "speaker_id": "SD2100090",
                    "start": "749.93356",
                    "end": "754.95583",
                    "note": ""
                },
                {
                    "id": "SDRW2100000089.1.1.190",
                    "form": "포기하는 경우가 좀 많았죠.",
                    "original_form": "포기하는 경우가 쫌 많았죠.",
                    "speaker_id": "SD2100090",
                    "start": "754.95583",
                    "end": "757.08899",
                    "note": ""
                },
                {
                    "id": "SDRW2100000089.1.1.191",
                    "form": "그러면 지금",
                    "original_form": "그러면 지금",
                    "speaker_id": "SD2100089",
                    "start": "760.79901",
                    "end": "763.03903",
                    "note": ""
                },
                {
                    "id": "SDRW2100000089.1.1.192",
                    "form": "최고로 하고 싶은 취미생활 같은 거는 뭐가 있어?",
                    "original_form": "최고로 하고 싶은 취미생활 같은 거는 뭐가 있어?",
                    "speaker_id": "SD2100089",
                    "start": "763.63100",
                    "end": "767.39897",
                    "note": ""
                },
                {
                    "id": "SDRW2100000089.1.1.193",
                    "form": "영상 편집이라든가 아니면 영상녹화를 한다거나",
                    "original_form": "영상 편집이라던가 아니면 영상녹화를 한다거나",
                    "speaker_id": "SD2100090",
                    "start": "767.95897",
                    "end": "772.62898",
                    "note": ""
                },
                {
                    "id": "SDRW2100000089.1.1.194",
                    "form": "아니면",
                    "original_form": "아니면",
                    "speaker_id": "SD2100090",
                    "start": "773.23574",
                    "end": "774.61899",
                    "note": ""
                },
                {
                    "id": "SDRW2100000089.1.1.195",
                    "form": "그냥 게임을 한다거나 그렇게 생각을 하고 있어요.",
                    "original_form": "그냥 게임을 한다거나 그렇게 생각을 하고 있어요.",
                    "speaker_id": "SD2100090",
                    "start": "774.61899",
                    "end": "779.18903",
                    "note": ""
                },
                {
                    "id": "SDRW2100000089.1.1.196",
                    "form": "아 영상 쪽으로 이제 그런 쪽에 너의 취미가 갖고 있다라는 거지?",
                    "original_form": "아 영상 쪽으로 이제 그런 쪽에 너의 취미가 갖고 있다라는 거지?",
                    "speaker_id": "SD2100089",
                    "start": "782.26898",
                    "end": "787.26901",
                    "note": ""
                },
                {
                    "id": "SDRW2100000089.1.1.197",
                    "form": "그럼 그럼 취미 쪽으로 해서 그 취미를 더 살려서",
                    "original_form": "그럼 그럼 취미 쪽으로 해서 그 취미를 더 살려서",
                    "speaker_id": "SD2100089",
                    "start": "787.26901",
                    "end": "793.00902",
                    "note": ""
                },
                {
                    "id": "SDRW2100000089.1.1.198",
                    "form": "특기를 만들 생각은 없어?",
                    "original_form": "특기를 만들 생각은 없어?",
                    "speaker_id": "SD2100089",
                    "start": "793.00902",
                    "end": "795.17903",
                    "note": ""
                },
                {
                    "id": "SDRW2100000089.1.1.199",
                    "form": "일단 그 쪽으로 특기를 하려면은",
                    "original_form": "일단 그 쪽으로 특기를 할라면은",
                    "speaker_id": "SD2100090",
                    "start": "796.36897",
                    "end": "800.19901",
                    "note": ""
                },
                {
                    "id": "SDRW2100000089.1.1.200",
                    "form": "그 실력도 뒷받침을 해줘야 되는데",
                    "original_form": "그 실력도 뒷받침을 해줘야 되는데",
                    "speaker_id": "SD2100090",
                    "start": "800.19901",
                    "end": "803.44897",
                    "note": ""
                },
                {
                    "id": "SDRW2100000089.1.1.201",
                    "form": "그 실력을 키울 만한",
                    "original_form": "그 실력을 키울 만한",
                    "speaker_id": "SD2100090",
                    "start": "803.44897",
                    "end": "806.21902",
                    "note": ""
                },
                {
                    "id": "SDRW2100000089.1.1.202",
                    "form": "그런 강사 같은 선생님을 만나지를 못 하겠더라고요.",
                    "original_form": "그런 강사 같은 선생님을 만나지를 못 하겠더라고요.",
                    "speaker_id": "SD2100090",
                    "start": "806.21902",
                    "end": "812.01897",
                    "note": ""
                },
                {
                    "id": "SDRW2100000089.1.1.203",
                    "form": "그러면은 그 네가 취미 생활을 특기로 만들려면은",
                    "original_form": "그러면은 그 너가 취미 생활을 특기로 만들려면은",
                    "speaker_id": "SD2100089",
                    "start": "814.31902",
                    "end": "819.07899",
                    "note": ""
                },
                {
                    "id": "SDRW2100000089.1.1.204",
                    "form": "네가 발품도 팔아야 되고",
                    "original_form": "니가 발품도 팔아야 되고",
                    "speaker_id": "SD2100089",
                    "start": "819.07899",
                    "end": "821.60898",
                    "note": ""
                },
                {
                    "id": "SDRW2100000089.1.1.205",
                    "form": "많이 알아봐 다니면서",
                    "original_form": "많이 알아봐 다니면서",
                    "speaker_id": "SD2100089",
                    "start": "821.60898",
                    "end": "823.89899",
                    "note": ""
                },
                {
                    "id": "SDRW2100000089.1.1.206",
                    "form": "네가 진짜 이 정도에 학원에",
                    "original_form": "너가 진짜 이 정도에 학원에",
                    "speaker_id": "SD2100089",
                    "start": "823.89899",
                    "end": "826.60897",
                    "note": ""
                },
                {
                    "id": "SDRW2100000089.1.1.207",
                    "form": "정말 나는 열심히 해서 이 취미를 특기로 만들겠다 라고",
                    "original_form": "정말 나는 열심히 해서 이 취미를 특기로 만들겠다 라고",
                    "speaker_id": "SD2100089",
                    "start": "826.60897",
                    "end": "831.49300",
                    "note": ""
                },
                {
                    "id": "SDRW2100000089.1.1.208",
                    "form": "한번 생각해 보면서 학원을 알아 본 적은 있는 거야?",
                    "original_form": "한번 생각해 보면서 학원을 알아 본 적은 있는 거야?",
                    "speaker_id": "SD2100089",
                    "start": "831.49300",
                    "end": "835.05897",
                    "note": ""
                },
                {
                    "id": "SDRW2100000089.1.1.209",
                    "form": "학원을 알아 본 적은 있는데",
                    "original_form": "학원을 알아 본 적은 있는데",
                    "speaker_id": "SD2100090",
                    "start": "835.70900",
                    "end": "838.61700",
                    "note": ""
                },
                {
                    "id": "SDRW2100000089.1.1.210",
                    "form": "그게",
                    "original_form": "그게",
                    "speaker_id": "SD2100090",
                    "start": "838.61700",
                    "end": "839.85447",
                    "note": ""
                },
                {
                    "id": "SDRW2100000089.1.1.211",
                    "form": "돈적으로 봤을 때도 뭔가",
                    "original_form": "돈적으로 봤을 때도 뭔가",
                    "speaker_id": "SD2100090",
                    "start": "839.85447",
                    "end": "842.40999",
                    "note": ""
                },
                {
                    "id": "SDRW2100000089.1.1.212",
                    "form": "금액이 좀 많은 거 같기도 하고",
                    "original_form": "금액이 좀 많은 거 같기도 하고",
                    "speaker_id": "SD2100090",
                    "start": "842.40999",
                    "end": "844.93300",
                    "note": ""
                },
                {
                    "id": "SDRW2100000089.1.1.213",
                    "form": "내가",
                    "original_form": "내가",
                    "speaker_id": "SD2100090",
                    "start": "844.93300",
                    "end": "846.36993",
                    "note": ""
                },
                {
                    "id": "SDRW2100000089.1.1.214",
                    "form": "학원을 다닌다고 해서 이게 실력이 늘 수가 있을까 아니면",
                    "original_form": "학원을 다닌다고 해서 이게 실력이 늘 수가 있을까 아니면",
                    "speaker_id": "SD2100090",
                    "start": "846.36993",
                    "end": "850.56901",
                    "note": ""
                },
                {
                    "id": "SDRW2100000089.1.1.215",
                    "form": "내가 제대로 할 수 있을까 라는 생각이 좀 많이 들어서",
                    "original_form": "내가 제대로 할 수 있을까 라는 생각이 좀 많이 들어서",
                    "speaker_id": "SD2100090",
                    "start": "850.56901",
                    "end": "854.50897",
                    "note": ""
                },
                {
                    "id": "SDRW2100000089.1.1.216",
                    "form": "좀 하기가 쪼금 힘들고 무서웠던 경험이 좀 있어요.",
                    "original_form": "좀 하기가 쪼금 힘들고 무서웠던 경험이 좀 있어요.",
                    "speaker_id": "SD2100090",
                    "start": "854.50897",
                    "end": "858.74899",
                    "note": ""
                },
                {
                    "id": "SDRW2100000089.1.1.217",
                    "form": "음 근데 뭐든지 처음 시작하기가 힘들잖아.",
                    "original_form": "음 근데 뭐든지 처음 시작하기가 힘들잖아.",
                    "speaker_id": "SD2100089",
                    "start": "859.69900",
                    "end": "863.97899",
                    "note": ""
                },
                {
                    "id": "SDRW2100000089.1.1.218",
                    "form": "근데 그거를 극복하고 열심히 하게 되면 그게 이제 내 거가 되는 거거든?",
                    "original_form": "근데 그거를 극복하고 열심히 하게 되면 그게 이제 내 거가 되는 거거든?",
                    "speaker_id": "SD2100089",
                    "start": "863.97899",
                    "end": "870.16902",
                    "note": ""
                },
                {
                    "id": "SDRW2100000089.1.1.219",
                    "form": "그러면은 내 거를 만들 수 있고 내 거를 만들게 되면 그게",
                    "original_form": "그러면은 내 거를 만들 수 있고 내 거를 만들게 되면 그게",
                    "speaker_id": "SD2100089",
                    "start": "870.16902",
                    "end": "875.36899",
                    "note": ""
                },
                {
                    "id": "SDRW2100000089.1.1.220",
                    "form": "이제 취미에서 특기로 발전될 수가 있는 거고",
                    "original_form": "이제 취미에서 특기로 발전될 수가 있는 거고",
                    "speaker_id": "SD2100089",
                    "start": "875.36899",
                    "end": "879.14900",
                    "note": ""
                },
                {
                    "id": "SDRW2100000089.1.1.221",
                    "form": "나중에 그런 직종에 일을 하게 돼서",
                    "original_form": "나중에 그런 직종에 일을 하게 돼서",
                    "speaker_id": "SD2100089",
                    "start": "879.14900",
                    "end": "881.86898",
                    "note": ""
                },
                {
                    "id": "SDRW2100000089.1.1.222",
                    "form": "훨씬 더 너에 대한 발전 가능성이 있다고 생각하거든.",
                    "original_form": "훨씬 더 너에 대한 발전 가능성이 있다고 생각하거든.",
                    "speaker_id": "SD2100089",
                    "start": "881.86898",
                    "end": "885.89897",
                    "note": ""
                },
                {
                    "id": "SDRW2100000089.1.1.223",
                    "form": "그러니까 네가 처음부터 겁 먹고 하지 말고",
                    "original_form": "근까 너가 처음부터 겁 먹고 하지 말고",
                    "speaker_id": "SD2100089",
                    "start": "885.89897",
                    "end": "888.99897",
                    "note": ""
                },
                {
                    "id": "SDRW2100000089.1.1.224",
                    "form": "열심히 해 보는 게 좋을 거 같아.",
                    "original_form": "열심히 해 보는 게 좋을 거 같애.",
                    "speaker_id": "SD2100089",
                    "start": "888.99897",
                    "end": "891.16898",
                    "note": ""
                },
                {
                    "id": "SDRW2100000089.1.1.225",
                    "form": "저도 그렇게 생각을 해요.",
                    "original_form": "저도 그렇게 생각을 해요.",
                    "speaker_id": "SD2100090",
                    "start": "892.89902",
                    "end": "895.46899",
                    "note": ""
                }
            ]
        }
    ]
}