{
    "id": "SDRW2100000046",
    "metadata": {
        "title": "국립국어원 구어 말뭉치 SDRW2100000046",
        "creator": "국립국어원",
        "distributor": "국립국어원",
        "year": "2021",
        "category": "구어 > 사적대화 > 일상대화",
        "annotation_level": [
            "원시"
        ],
        "sampling": "본문 전체"
    },
    "document": [
        {
            "id": "SDRW2100000046.1",
            "metadata": {
                "title": "2인 일상 대화",
                "author": "개인 발화자",
                "publisher": "개인 발화 녹음",
                "date": "20210811",
                "topic": "건강/다이어트 > 다이어트 운동 선택",
                "speaker": [
                    {
                        "id": "SD2100045",
                        "age": "20대",
                        "occupation": "학생",
                        "sex": "남성",
                        "birthplace": "서울",
                        "principal_residence": "서울",
                        "current_residence": "서울",
                        "education": "대재"
                    },
                    {
                        "id": "SD2100046",
                        "age": "20대",
                        "occupation": "무직/취업준비생",
                        "sex": "남성",
                        "birthplace": "충북",
                        "principal_residence": "제주",
                        "current_residence": "서울",
                        "education": "대졸"
                    }
                ],
                "setting": {
                    "relation": "고향 선후배"
                }
            },
            "utterance": [
                {
                    "id": "SDRW2100000046.1.1.1",
                    "form": "어 요새 어 다이어트가 건강을 위해서 되게 중요한 거 같은데 형은 다이어트 하면서",
                    "original_form": "어 요새 어 다이어트가 건강을 위해서 되게 중요한 거 같은데 형은 다이어트 하면서",
                    "speaker_id": "SD2100046",
                    "start": "0.56000",
                    "end": "6.47600",
                    "note": ""
                },
                {
                    "id": "SDRW2100000046.1.1.2",
                    "form": "뭐 하는 운동이나 식단조절 같은 거 따로 있어?",
                    "original_form": "뭐 하는 운동이나 식단조절 같은 거 따로 있어?",
                    "speaker_id": "SD2100046",
                    "start": "6.47600",
                    "end": "9.97900",
                    "note": ""
                },
                {
                    "id": "SDRW2100000046.1.1.3",
                    "form": "아 안 그래도 내가",
                    "original_form": "아 안 그래도 내가",
                    "speaker_id": "SD2100045",
                    "start": "11.22900",
                    "end": "13.04900",
                    "note": ""
                },
                {
                    "id": "SDRW2100000046.1.1.4",
                    "form": "좀 요즘 살이 많이 쪄서",
                    "original_form": "좀 요즘 살이 많이 쪄서",
                    "speaker_id": "SD2100045",
                    "start": "13.04900",
                    "end": "15.57900",
                    "note": ""
                },
                {
                    "id": "SDRW2100000046.1.1.5",
                    "form": "다이어트를 할 계획인데",
                    "original_form": "다이어트를 할 계획인데",
                    "speaker_id": "SD2100045",
                    "start": "15.57900",
                    "end": "17.89900",
                    "note": ""
                },
                {
                    "id": "SDRW2100000046.1.1.6",
                    "form": "그리고 하고 있기도 한데 요즘 나는",
                    "original_form": "그리고 하고 있기도 한데 요즘 나는",
                    "speaker_id": "SD2100045",
                    "start": "17.89900",
                    "end": "21.21000",
                    "note": ""
                },
                {
                    "id": "SDRW2100000046.1.1.7",
                    "form": "달리기를 집 앞에",
                    "original_form": "달리기를 집 앞에",
                    "speaker_id": "SD2100045",
                    "start": "21.21000",
                    "end": "24.46000",
                    "note": ""
                },
                {
                    "id": "SDRW2100000046.1.1.8",
                    "form": "산이 있어서 산에 올라와서 달리기를 요즘 하고 있어.",
                    "original_form": "산이 있어서 산에 올라와서 달리기를 요즘 하고 있어.",
                    "speaker_id": "SD2100045",
                    "start": "24.46000",
                    "end": "28.37000",
                    "note": ""
                },
                {
                    "id": "SDRW2100000046.1.1.9",
                    "form": "산 그럼 산길을 달리는 거야?",
                    "original_form": "산 그럼 산길을 달리는 거야?",
                    "speaker_id": "SD2100046",
                    "start": "29.71000",
                    "end": "32.13000",
                    "note": ""
                },
                {
                    "id": "SDRW2100000046.1.1.10",
                    "form": "아니 산 위에 트랙이 있어 가지고 산 정상 쯤에",
                    "original_form": "아니 산 위에 트랙이 있어 가지고 산 정상 쯤에",
                    "speaker_id": "SD2100045",
                    "start": "32.66000",
                    "end": "36.58000",
                    "note": ""
                },
                {
                    "id": "SDRW2100000046.1.1.11",
                    "form": "트랙을 만들어 놨어.",
                    "original_form": "트랙을 만들어 놨어.",
                    "speaker_id": "SD2100045",
                    "start": "36.58000",
                    "end": "38.96000",
                    "note": ""
                },
                {
                    "id": "SDRW2100000046.1.1.12",
                    "form": "그 운동장이랑 트랙을 만들어 놨는데 거기서",
                    "original_form": "그 운동장이랑 트랙을 만들어 놨는데 거기서",
                    "speaker_id": "SD2100045",
                    "start": "38.96000",
                    "end": "42.32954",
                    "note": ""
                },
                {
                    "id": "SDRW2100000046.1.1.13",
                    "form": "조깅하는 사람도 많고 달리는 사람도 많아서",
                    "original_form": "조깅하는 사람도 많고 달리는 사람도 많아서",
                    "speaker_id": "SD2100045",
                    "start": "42.32954",
                    "end": "45.91000",
                    "note": ""
                },
                {
                    "id": "SDRW2100000046.1.1.14",
                    "form": "지금 거기서 달리고 있어.",
                    "original_form": "지금 거기서 달리고 있어.",
                    "speaker_id": "SD2100045",
                    "start": "45.91000",
                    "end": "47.75000",
                    "note": ""
                },
                {
                    "id": "SDRW2100000046.1.1.15",
                    "form": "아 그럼 등산을 하고서 뭐 달리기를 따로 하는 거네?",
                    "original_form": "아 그럼 등산을 하고서 뭐 달리기를 따로 하는 거네?",
                    "speaker_id": "SD2100046",
                    "start": "48.58000",
                    "end": "53.04000",
                    "note": ""
                },
                {
                    "id": "SDRW2100000046.1.1.16",
                    "form": "등산이라고 할게 없는 게 조금 낮은 산이고 그 등산로로 하는 게 아니라 나는",
                    "original_form": "등산이라고 할게 없는 게 조금 낮은 산이고 그 등산로로 하는 게 아니라 나는",
                    "speaker_id": "SD2100045",
                    "start": "53.93000",
                    "end": "60.25000",
                    "note": ""
                },
                {
                    "id": "SDRW2100000046.1.1.17",
                    "form": "그 포장된 도로로 올라가서 거기서 달리기만 하는 거여서",
                    "original_form": "그~ 포장된 도로로 올라가서 거기서 달리기만 하는 거여서",
                    "speaker_id": "SD2100045",
                    "start": "60.25000",
                    "end": "65.00000",
                    "note": ""
                },
                {
                    "id": "SDRW2100000046.1.1.18",
                    "form": "그 거기서 한 30분",
                    "original_form": "그 거기서 한 삼십 분",
                    "speaker_id": "SD2100045",
                    "start": "65.60674",
                    "end": "68.07000",
                    "note": ""
                },
                {
                    "id": "SDRW2100000046.1.1.19",
                    "form": "30분씩 달리고 있는데",
                    "original_form": "삼십 분씩 달리고 있는데",
                    "speaker_id": "SD2100045",
                    "start": "68.07000",
                    "end": "70.33000",
                    "note": ""
                },
                {
                    "id": "SDRW2100000046.1.1.20",
                    "form": "그게 지금 나의 지금 기초적인 다이어트 시작 단계라고 할 수 있을 거 같아.",
                    "original_form": "그게 지금 나의 지금 기초적인 다이어트 시작 단계라고 할 수 있을 거 같애.",
                    "speaker_id": "SD2100045",
                    "start": "70.75472",
                    "end": "76.70000",
                    "note": ""
                },
                {
                    "id": "SDRW2100000046.1.1.21",
                    "form": "그러면은 형은 운동 말고 뭐 별도의 식단 조절 같은 거는 안 하는 거야?",
                    "original_form": "그러면은 형은 운동 말고 뭐 별도의 식단 조절 같은 거는 안 하는 거야?",
                    "speaker_id": "SD2100046",
                    "start": "78.40000",
                    "end": "83.25000",
                    "note": ""
                },
                {
                    "id": "SDRW2100000046.1.1.22",
                    "form": "아 나는 내가 먹고 싶은 거는 좀 먹고 싶어 가지고 점심에는 조금 먹긴 하는데",
                    "original_form": "아 나는 내가 먹고 싶은 거는 좀 먹고 싶어 가지고 점심에는 쪼끔 먹긴 하는데",
                    "speaker_id": "SD2100045",
                    "start": "84.14000",
                    "end": "92.17000",
                    "note": ""
                },
                {
                    "id": "SDRW2100000046.1.1.23",
                    "form": "저녁에는 좀 안 먹으려고 하지",
                    "original_form": "저녁에는 쫌 안 먹을라 하지",
                    "speaker_id": "SD2100045",
                    "start": "92.17000",
                    "end": "94.13000",
                    "note": ""
                },
                {
                    "id": "SDRW2100000046.1.1.24",
                    "form": "음",
                    "original_form": "음",
                    "speaker_id": "SD2100046",
                    "start": "95.41000",
                    "end": "96.30000",
                    "note": ""
                },
                {
                    "id": "SDRW2100000046.1.1.25",
                    "form": "그거는 나랑 비슷한 거 같아. 나도",
                    "original_form": "그거는 나랑 비슷한 거 같애. 나도",
                    "speaker_id": "SD2100046",
                    "start": "96.30000",
                    "end": "99.25000",
                    "note": ""
                },
                {
                    "id": "SDRW2100000046.1.1.26",
                    "form": "어 저녁에 한 10킬로 정도 뛰거든.",
                    "original_form": "어~ 저녁에 한 십 키로 정도 뛰거든.",
                    "speaker_id": "SD2100046",
                    "start": "99.25000",
                    "end": "102.05400",
                    "note": ""
                },
                {
                    "id": "SDRW2100000046.1.1.27",
                    "form": "서울역 쪽에 사는 데 거기서 한남대교 건너서 동호대교 까지 뛰어다니는데",
                    "original_form": "서울역 쪽에 사는 데 거기서 한남대교 건너서 동호대교 까지 뛰어다니는데",
                    "speaker_id": "SD2100046",
                    "start": "102.05400",
                    "end": "107.46000",
                    "note": ""
                },
                {
                    "id": "SDRW2100000046.1.1.28",
                    "form": "그 점심에는 먹고 싶은 걸 먹고 저녁에는 그냥 간단하게만 먹으면서 운동을 하다 보니까",
                    "original_form": "그 점심에는 먹고 싶은 걸 먹고 저녁에는 그냥 간단하게만 먹으면서 운동을 하다 보니까",
                    "speaker_id": "SD2100046",
                    "start": "108.29258",
                    "end": "115.45000",
                    "note": ""
                },
                {
                    "id": "SDRW2100000046.1.1.29",
                    "form": "어",
                    "original_form": "어~",
                    "speaker_id": "SD2100046",
                    "start": "115.45000",
                    "end": "116.63000",
                    "note": ""
                },
                {
                    "id": "SDRW2100000046.1.1.30",
                    "form": "효과가 좋은 거 같아.",
                    "original_form": "효과가 좋은 거 같아.",
                    "speaker_id": "SD2100046",
                    "start": "116.63000",
                    "end": "118.38000",
                    "note": ""
                },
                {
                    "id": "SDRW2100000046.1.1.31",
                    "form": "그래서 지금 너도 다이어트를 하고 있는 거 같은데",
                    "original_form": "그래서 지금 너도 다이어트를 하고 있는 거 같은데",
                    "speaker_id": "SD2100045",
                    "start": "119.30000",
                    "end": "122.71000",
                    "note": ""
                },
                {
                    "id": "SDRW2100000046.1.1.32",
                    "form": "몇 킬로 정도 빠진 거 같아 그 전에 비해서?",
                    "original_form": "몇 키로 정도 빠진 거 같애 그 전에 비해서?",
                    "speaker_id": "SD2100045",
                    "start": "122.71000",
                    "end": "126.13000",
                    "note": "발화겹침"
                },
                {
                    "id": "SDRW2100000046.1.1.33",
                    "form": "내가 시작했을 때 98킬로였는데 지금 한 93킬로 정도 되거든? 그래서",
                    "original_form": "내가 시작했을 때 구십팔 키로였는데 지금 한 구십삼 키로 정도 되거든? 그래서",
                    "speaker_id": "SD2100046",
                    "start": "126.09000",
                    "end": "131.77000",
                    "note": "발화겹침"
                },
                {
                    "id": "SDRW2100000046.1.1.34",
                    "form": "그 시작한 지 한 2주 정도 됐는데",
                    "original_form": "그 시작한 지 한 이 주 정도 됐는데",
                    "speaker_id": "SD2100046",
                    "start": "131.77000",
                    "end": "134.45000",
                    "note": ""
                },
                {
                    "id": "SDRW2100000046.1.1.35",
                    "form": "한 2주 만에 5킬로 정도 감량 효과를 본 거 같아.",
                    "original_form": "한 이 주 만에 오 키로 정도 감량 효과를 본 거 같아.",
                    "speaker_id": "SD2100046",
                    "start": "134.95562",
                    "end": "138.03000",
                    "note": ""
                },
                {
                    "id": "SDRW2100000046.1.1.36",
                    "form": "대단하다.",
                    "original_form": "대단하다.",
                    "speaker_id": "SD2100045",
                    "start": "138.87001",
                    "end": "140.20000",
                    "note": ""
                },
                {
                    "id": "SDRW2100000046.1.1.37",
                    "form": "나는",
                    "original_form": "나는",
                    "speaker_id": "SD2100045",
                    "start": "140.20000",
                    "end": "142.42399",
                    "note": ""
                },
                {
                    "id": "SDRW2100000046.1.1.38",
                    "form": "축구를 원래 좋아해서 축구를 매주 주말에 하고 있었는데 요즘",
                    "original_form": "축구를 원래 좋아해서 축구를 매주 주말에 하고 있었는데 요즘",
                    "speaker_id": "SD2100045",
                    "start": "142.42399",
                    "end": "149.37000",
                    "note": ""
                },
                {
                    "id": "SDRW2100000046.1.1.39",
                    "form": "그 바이러스 때문에",
                    "original_form": "그 바이러스 때문에",
                    "speaker_id": "SD2100045",
                    "start": "149.37000",
                    "end": "151.84000",
                    "note": ""
                },
                {
                    "id": "SDRW2100000046.1.1.40",
                    "form": "못 하게 되어서",
                    "original_form": "못 하게 되어서",
                    "speaker_id": "SD2100045",
                    "start": "152.29169",
                    "end": "154.30999",
                    "note": ""
                },
                {
                    "id": "SDRW2100000046.1.1.41",
                    "form": "지금 달리기를 하고 있는 거거든.",
                    "original_form": "지금 달리기를 하고 있는 거거든.",
                    "speaker_id": "SD2100045",
                    "start": "154.30999",
                    "end": "156.51000",
                    "note": ""
                },
                {
                    "id": "SDRW2100000046.1.1.42",
                    "form": "근데",
                    "original_form": "근데",
                    "speaker_id": "SD2100045",
                    "start": "156.51000",
                    "end": "158.32429",
                    "note": ""
                },
                {
                    "id": "SDRW2100000046.1.1.43",
                    "form": "요즘 사람들 보면 보통 운동 하나씩은 하고 있는 거 같아. 모든 사람들이 취미로",
                    "original_form": "요즘 사람들 보면 보통 운동 하나씩은 하고 있는 거 같애. 모든 사람들이 취미로",
                    "speaker_id": "SD2100045",
                    "start": "158.32429",
                    "end": "166.67001",
                    "note": ""
                },
                {
                    "id": "SDRW2100000046.1.1.44",
                    "form": "뭐 운동 뭐 하세요 라고 물어보면 뭐 어떤 운동한다 다 이렇게",
                    "original_form": "뭐 운동 뭐 하세요 라고 물어보면 뭐 어떤 운동한다 다 이렇게",
                    "speaker_id": "SD2100045",
                    "start": "166.67001",
                    "end": "172.50000",
                    "note": ""
                },
                {
                    "id": "SDRW2100000046.1.1.45",
                    "form": "자기 몸을 가꾸는데",
                    "original_form": "자기 몸을 가꾸는데",
                    "speaker_id": "SD2100045",
                    "start": "172.50000",
                    "end": "174.76001",
                    "note": ""
                },
                {
                    "id": "SDRW2100000046.1.1.46",
                    "form": "치중하고 있는 거 같아.",
                    "original_form": "치중하고 있는 거 같애.",
                    "speaker_id": "SD2100045",
                    "start": "174.76001",
                    "end": "176.45000",
                    "note": ""
                },
                {
                    "id": "SDRW2100000046.1.1.47",
                    "form": "맞아 예전이랑 다르게 예전에는 운동하는 사람이 그렇게 주변 없었는데",
                    "original_form": "맞어 예전이랑 다르게 예전에는 운동하는 사람이 그렇게 주변 없었는데",
                    "speaker_id": "SD2100046",
                    "start": "177.43000",
                    "end": "182.21800",
                    "note": ""
                },
                {
                    "id": "SDRW2100000046.1.1.48",
                    "form": "요새는 다들 조금 취미생활 스트레스도 풀고 건강 관리도 하고",
                    "original_form": "요새는 다들 조금 취미생활 스트레스도 풀고 건강 관리도 하고",
                    "speaker_id": "SD2100046",
                    "start": "182.21800",
                    "end": "186.82000",
                    "note": ""
                },
                {
                    "id": "SDRW2100000046.1.1.49",
                    "form": "어 좀 사회 활동의 일환으로서도",
                    "original_form": "어 좀 사회 활동의 일환으로서도",
                    "speaker_id": "SD2100046",
                    "start": "187.75708",
                    "end": "190.87999",
                    "note": ""
                },
                {
                    "id": "SDRW2100000046.1.1.50",
                    "form": "어 다들 운동을 많이 하는 거 같아.",
                    "original_form": "어 다들 운동을 많이 하는 거 같아.",
                    "speaker_id": "SD2100046",
                    "start": "190.87999",
                    "end": "192.69000",
                    "note": ""
                },
                {
                    "id": "SDRW2100000046.1.1.51",
                    "form": "맞아. 내가 알기로는 요즘 되게",
                    "original_form": "맞아. 내가 알기로는 요즘 되게",
                    "speaker_id": "SD2100045",
                    "start": "193.72999",
                    "end": "198.10000",
                    "note": ""
                },
                {
                    "id": "SDRW2100000046.1.1.52",
                    "form": "운동을 많이 해서 사람들이 코로나 때문에 운동을 못 하니까 달리기나 아니면 사이클",
                    "original_form": "운동을 많이 해서 사람들이 코로나 때문에 운동을 못 하니까 달리기나 아니면 싸이클",
                    "speaker_id": "SD2100045",
                    "start": "198.60562",
                    "end": "205.25000",
                    "note": ""
                },
                {
                    "id": "SDRW2100000046.1.1.53",
                    "form": "뭐 이런 헬스",
                    "original_form": "뭐 이런 헬스",
                    "speaker_id": "SD2100045",
                    "start": "205.62416",
                    "end": "207.27000",
                    "note": ""
                },
                {
                    "id": "SDRW2100000046.1.1.54",
                    "form": "헬스를 필라테스 이런 거 많이 하는데",
                    "original_form": "헬스를 필라테스 이런 거 많이 하는데",
                    "speaker_id": "SD2100045",
                    "start": "207.27000",
                    "end": "210.97000",
                    "note": ""
                },
                {
                    "id": "SDRW2100000046.1.1.55",
                    "form": "그런 거 보면 참 보기 좋은 거 같고 나도 운동을 하는 사람도 좋거든. 그래서 요즘 모여서들 많이",
                    "original_form": "그런 거 보면 참 보기 좋은 거 같고 나도 운동을 하는 사람도 좋거든. 그래서 요즘 모여서들 많이",
                    "speaker_id": "SD2100045",
                    "start": "210.97000",
                    "end": "218.78000",
                    "note": ""
                },
                {
                    "id": "SDRW2100000046.1.1.56",
                    "form": "달리고 사이클 하고 그런다고 하더라고. 너는",
                    "original_form": "달리고 싸이클 하고 그렇다고 하더라고. 너는",
                    "speaker_id": "SD2100045",
                    "start": "218.78000",
                    "end": "223.04999",
                    "note": ""
                },
                {
                    "id": "SDRW2100000046.1.1.57",
                    "form": "그러면 이 웨이트 근력운동은 안 하는 거야?",
                    "original_form": "그러면 이 웨이트 근력운동은 안 하는 거야?",
                    "speaker_id": "SD2100045",
                    "start": "223.04999",
                    "end": "227.50000",
                    "note": ""
                },
                {
                    "id": "SDRW2100000046.1.1.58",
                    "form": "예전에는 헬스장 다녔을 때는 이제 벤치 프레스나 스쿼트 같은 거는 조금 했었는데",
                    "original_form": "예전에는 헬스장 다녔을 때는 이제 벤치 프레스나 스쿼트 같은 거는 쪼끔 했었는데",
                    "speaker_id": "SD2100046",
                    "start": "228.27000",
                    "end": "233.38999",
                    "note": ""
                },
                {
                    "id": "SDRW2100000046.1.1.59",
                    "form": "어 요새는 이제 헬스장이 조금 위험지대이기도 하고 영업도 잘 안 하고 하다 보니까",
                    "original_form": "어~ 요새는 이제 헬스장이 쪼끔 위험지대이기도 하고 영업도 잘 안 하고 하다 보니까",
                    "speaker_id": "SD2100046",
                    "start": "233.38999",
                    "end": "239.25000",
                    "note": ""
                },
                {
                    "id": "SDRW2100000046.1.1.60",
                    "form": "요새는 이제 근력은 그냥 맨몸운동을 하고 있어. 이제 턱걸이나 아니면 뭐",
                    "original_form": "요새는 이제 근력은 그냥 맨몸운동을 하고 있어. 이제 턱걸이나 아니면 뭐",
                    "speaker_id": "SD2100046",
                    "start": "239.94438",
                    "end": "245.19999",
                    "note": ""
                },
                {
                    "id": "SDRW2100000046.1.1.61",
                    "form": "푸시업 같은 걸로 그냥 대체로 하고 있어.",
                    "original_form": "푸시업 같은 걸로 그냥 대체로 하고 있어.",
                    "speaker_id": "SD2100046",
                    "start": "245.19999",
                    "end": "247.97001",
                    "note": ""
                },
                {
                    "id": "SDRW2100000046.1.1.62",
                    "form": "아 너도 그러면 목표하는 몸무게가 지금 있는 거야?",
                    "original_form": "아 너도 그러면 목표하는 몸무게가 지금 있는 거야?",
                    "speaker_id": "SD2100045",
                    "start": "248.77000",
                    "end": "253.23000",
                    "note": ""
                },
                {
                    "id": "SDRW2100000046.1.1.63",
                    "form": "뭐 별도의 몸무게가 있는 건 아니고",
                    "original_form": "뭐 별도의 몸무게가 있는 건 아니고",
                    "speaker_id": "SD2100046",
                    "start": "253.73000",
                    "end": "256.22708",
                    "note": ""
                },
                {
                    "id": "SDRW2100000046.1.1.64",
                    "form": "그냥 한 80 초반에서 70 후반까지 빼 보려고 하고 있어. 예전에 내가 학교 다닐 때 육상",
                    "original_form": "그냥 한 팔십 초반에서 칠십 후반까지 빼 보려고 하고 있어. 예전에 내가 학교 다닐 때 육상",
                    "speaker_id": "SD2100046",
                    "start": "256.22708",
                    "end": "262.30999",
                    "note": ""
                },
                {
                    "id": "SDRW2100000046.1.1.65",
                    "form": "뭐 했었을 때 77킬론가 그랬었거든?",
                    "original_form": "뭐 했었을 때 칠십칠 키론가 그랬었거든?",
                    "speaker_id": "SD2100046",
                    "start": "262.30999",
                    "end": "265.94999",
                    "note": ""
                },
                {
                    "id": "SDRW2100000046.1.1.66",
                    "form": "그때가 내가 체력이 제일 좋았었을 때 같아서",
                    "original_form": "그때가 내가 체력이 제일 좋았었을 때 같아서",
                    "speaker_id": "SD2100046",
                    "start": "265.94999",
                    "end": "269.68000",
                    "note": ""
                },
                {
                    "id": "SDRW2100000046.1.1.67",
                    "form": "어",
                    "original_form": "어~",
                    "speaker_id": "SD2100046",
                    "start": "269.68000",
                    "end": "270.64999",
                    "note": ""
                },
                {
                    "id": "SDRW2100000046.1.1.68",
                    "form": "그 때를 생각하고 지금 운동을 하고 있어.",
                    "original_form": "그 때를 생각하고 지금 운동을 하고 있어.",
                    "speaker_id": "SD2100046",
                    "start": "270.64999",
                    "end": "272.87899",
                    "note": ""
                },
                {
                    "id": "SDRW2100000046.1.1.69",
                    "form": "나도 지금 인생 최대 몸무게여서",
                    "original_form": "나도 지금 인생 최대 몸무게여서",
                    "speaker_id": "SD2100045",
                    "start": "274.03900",
                    "end": "277.41899",
                    "note": ""
                },
                {
                    "id": "SDRW2100000046.1.1.70",
                    "form": "지금 다이어트를 하고 있고 나는 한",
                    "original_form": "지금 다이어트를 하고 있고 나는 한",
                    "speaker_id": "SD2100045",
                    "start": "277.90776",
                    "end": "280.69899",
                    "note": ""
                },
                {
                    "id": "SDRW2100000046.1.1.71",
                    "form": "6킬로 7킬로 정도 빼고 싶어. 그래서 달리고 있는 거고",
                    "original_form": "육 키로 칠 키로 정도 빼고 싶어. 그래서 달리고 있는 거고",
                    "speaker_id": "SD2100045",
                    "start": "281.88899",
                    "end": "286.76899",
                    "note": ""
                },
                {
                    "id": "SDRW2100000046.1.1.72",
                    "form": "나 나도 사실 미용목적도 있는 거 같아.",
                    "original_form": "-나- 나도 사실 미용목적도 있는 거 같애.",
                    "speaker_id": "SD2100045",
                    "start": "288.35901",
                    "end": "293.58899",
                    "note": ""
                },
                {
                    "id": "SDRW2100000046.1.1.73",
                    "form": "지금 너무 뚱뚱해져서 좀",
                    "original_form": "지금 너무 뚱뚱해져서 쫌",
                    "speaker_id": "SD2100045",
                    "start": "293.58899",
                    "end": "297.19900",
                    "note": ""
                },
                {
                    "id": "SDRW2100000046.1.1.74",
                    "form": "별로인 거 같아서 하고 있어 너도",
                    "original_form": "별로인 거 같애서 하고 있어 너도",
                    "speaker_id": "SD2100045",
                    "start": "297.19900",
                    "end": "300.23900",
                    "note": ""
                },
                {
                    "id": "SDRW2100000046.1.1.75",
                    "form": "너는 그러면 미용 목적이 아니라",
                    "original_form": "너는 그러면 미용 목적이 아니라",
                    "speaker_id": "SD2100045",
                    "start": "300.23900",
                    "end": "302.88899",
                    "note": ""
                },
                {
                    "id": "SDRW2100000046.1.1.76",
                    "form": "그 뭐 원하는 곳에 가기 위해서 몸을 만들고 있는 단계인 거야?",
                    "original_form": "그 뭐 원하는 곳에 가기 위해서 몸을 만들고 있는 단계인 거야?",
                    "speaker_id": "SD2100045",
                    "start": "302.88899",
                    "end": "308.23899",
                    "note": ""
                },
                {
                    "id": "SDRW2100000046.1.1.77",
                    "form": "어 나는",
                    "original_form": "어 나는",
                    "speaker_id": "SD2100046",
                    "start": "308.49900",
                    "end": "309.95901",
                    "note": ""
                },
                {
                    "id": "SDRW2100000046.1.1.78",
                    "form": "미용은 사실 나는 크게 신경 안 쓰는 쪽이라서 우선",
                    "original_form": "미용은 사실 나는 크게 신경 안 쓰는 쪽이라서 우선",
                    "speaker_id": "SD2100046",
                    "start": "309.95901",
                    "end": "313.65899",
                    "note": ""
                },
                {
                    "id": "SDRW2100000046.1.1.79",
                    "form": "어 운동을 해서 체력 기초체력을 기르고",
                    "original_form": "어~ 운동을 해서 체력 기초체력을 기르고",
                    "speaker_id": "SD2100046",
                    "start": "313.65899",
                    "end": "316.90901",
                    "note": ""
                },
                {
                    "id": "SDRW2100000046.1.1.80",
                    "form": "이제",
                    "original_form": "이제",
                    "speaker_id": "SD2100046",
                    "start": "316.90901",
                    "end": "317.96901",
                    "note": ""
                },
                {
                    "id": "SDRW2100000046.1.1.81",
                    "form": "내가 지원 하려는 데 만약에 선발이 됐을 때",
                    "original_form": "내가 지원 하려는 데 만약에 선발이 됐을 때",
                    "speaker_id": "SD2100046",
                    "start": "318.67012",
                    "end": "322.42919",
                    "note": ""
                },
                {
                    "id": "SDRW2100000046.1.1.82",
                    "form": "그때 이제 그 어 초급반 과정을",
                    "original_form": "그때 이제 그 어 초급반 과정을",
                    "speaker_id": "SD2100046",
                    "start": "322.42919",
                    "end": "326.23901",
                    "note": ""
                },
                {
                    "id": "SDRW2100000046.1.1.83",
                    "form": "제대로 이수를 하려면 체력이 중요한 거 같아서 우선은 체력",
                    "original_form": "제대로 이수를 할려면 체력이 중요한 거 같아서 우선은 체력",
                    "speaker_id": "SD2100046",
                    "start": "326.23901",
                    "end": "329.84899",
                    "note": ""
                },
                {
                    "id": "SDRW2100000046.1.1.84",
                    "form": "양성 위주로 훈련을 하고 있어.",
                    "original_form": "양성 위주로 훈련을 하고 있어.",
                    "speaker_id": "SD2100046",
                    "start": "329.84899",
                    "end": "332.34899",
                    "note": ""
                },
                {
                    "id": "SDRW2100000046.1.1.85",
                    "form": "아 그러면 너는 그렇게 살이",
                    "original_form": "아 그러면 너는 그렇게 살이",
                    "speaker_id": "SD2100045",
                    "start": "333.86901",
                    "end": "337.78901",
                    "note": ""
                },
                {
                    "id": "SDRW2100000046.1.1.86",
                    "form": "몸무게가 증가된 거에 대한 식습관적인 잘못된 게 있는 거 같아?",
                    "original_form": "몸무게가 증가된 거에 대한 식습관적인 잘못된 게 있는 거 같애?",
                    "speaker_id": "SD2100045",
                    "start": "337.78901",
                    "end": "344.00901",
                    "note": ""
                },
                {
                    "id": "SDRW2100000046.1.1.87",
                    "form": "나는 되게 후회되는 게",
                    "original_form": "나는 되게 후회되는 게",
                    "speaker_id": "SD2100046",
                    "start": "344.59901",
                    "end": "346.31550",
                    "note": ""
                },
                {
                    "id": "SDRW2100000046.1.1.88",
                    "form": "한국에서 있었을 때는 원래 집 밥 먹으면서 배달음식이나 이제 인스턴트 푸드 같은 걸 거의 안 먹고 지냈었거든?",
                    "original_form": "한국에서 있었을 때는 원래 집 밥 먹으면서 배달음식이나 이제 인스턴트 푸드 같은 걸 거의 안 먹고 지냈었거든?",
                    "speaker_id": "SD2100046",
                    "start": "346.31550",
                    "end": "353.86901",
                    "note": ""
                },
                {
                    "id": "SDRW2100000046.1.1.89",
                    "form": "그런데 이제 뭐 러시아 가서",
                    "original_form": "그런데 이제 뭐 러시아 가서",
                    "speaker_id": "SD2100046",
                    "start": "353.86901",
                    "end": "356.00899",
                    "note": ""
                },
                {
                    "id": "SDRW2100000046.1.1.90",
                    "form": "어 집 상태가 좀 많이 안 좋아졌더라고 오랜만에 가니까",
                    "original_form": "어 집 상태가 좀 많이 안 좋아졌더라고 오랜만에 가니까",
                    "speaker_id": "SD2100046",
                    "start": "357.07900",
                    "end": "360.68300",
                    "note": ""
                },
                {
                    "id": "SDRW2100000046.1.1.91",
                    "form": "그러니까 요리할 생각도 안 나고",
                    "original_form": "그러니까 요리할 생각도 안 나고",
                    "speaker_id": "SD2100046",
                    "start": "360.68300",
                    "end": "362.80900",
                    "note": ""
                },
                {
                    "id": "SDRW2100000046.1.1.92",
                    "form": "그래서 배달 음식을 많이 시켜 먹었던 거 같아. 이제 학교랑 일",
                    "original_form": "그래서 배달 음식을 많이 시켜 먹었던 거 같애. 이제 학교랑 일",
                    "speaker_id": "SD2100046",
                    "start": "362.80900",
                    "end": "367.04901",
                    "note": ""
                },
                {
                    "id": "SDRW2100000046.1.1.93",
                    "form": "하다 보니까",
                    "original_form": "하다 보니까",
                    "speaker_id": "SD2100046",
                    "start": "367.04901",
                    "end": "368.73901",
                    "note": ""
                },
                {
                    "id": "SDRW2100000046.1.1.94",
                    "form": "그래서 인스턴트 푸드랑 배달 음식을 너무 많이 먹어서",
                    "original_form": "그래서 인스턴트 푸드랑 배달 음식을 너무 많이 먹어서",
                    "speaker_id": "SD2100046",
                    "start": "368.73901",
                    "end": "372.04900",
                    "note": ""
                },
                {
                    "id": "SDRW2100000046.1.1.95",
                    "form": "그때 한 10킬로가 넘게 찐 거 같아 그 세 달 사이에",
                    "original_form": "그때 한 십 키로가 넘게 찐 거 같애 그 세 달 사이에",
                    "speaker_id": "SD2100046",
                    "start": "372.04900",
                    "end": "376.07899",
                    "note": ""
                },
                {
                    "id": "SDRW2100000046.1.1.96",
                    "form": "잘못된 식습관이 배달 음식도 있지만",
                    "original_form": "잘못된 식습관이 {clearing} 배달 음식도 있지만",
                    "speaker_id": "SD2100045",
                    "start": "378.49901",
                    "end": "383.15900",
                    "note": ""
                },
                {
                    "id": "SDRW2100000046.1.1.97",
                    "form": "뭐 먹고 세 끼를 다 먹고 움직이지 않는다든지 바로 눕는다든지 그런 점이 있을 것 같은데",
                    "original_form": "뭐 먹고 세 끼를 다 먹고 움직이지 않는다든지 바로 눕는다든지 그런 점이 있을 것 같은데",
                    "speaker_id": "SD2100045",
                    "start": "383.15900",
                    "end": "391.30899",
                    "note": ""
                },
                {
                    "id": "SDRW2100000046.1.1.98",
                    "form": "뭐 너는",
                    "original_form": "뭐 너는",
                    "speaker_id": "SD2100045",
                    "start": "391.30899",
                    "end": "393.44900",
                    "note": ""
                },
                {
                    "id": "SDRW2100000046.1.1.99",
                    "form": "공부를 하느라 쪼금 안 움직이고 그랬던 거야?",
                    "original_form": "공부를 하느라 쪼금 안 움직이고 그랬던 거야?",
                    "speaker_id": "SD2100045",
                    "start": "395.14901",
                    "end": "399.18901",
                    "note": ""
                },
                {
                    "id": "SDRW2100000046.1.1.100",
                    "form": "이제 공부도 공부고",
                    "original_form": "이제 공부도 공부고",
                    "speaker_id": "SD2100046",
                    "start": "399.74901",
                    "end": "402.80100",
                    "note": ""
                },
                {
                    "id": "SDRW2100000046.1.1.101",
                    "form": "일 같은 것도 사실 계속 앉아서 업무 보는 일이었다 보니까 인턴 할 때 그래서",
                    "original_form": "일 같은 것도 사실 계속 앉아서 업무 보는 일이었다 보니까 인턴 할 때 그래서",
                    "speaker_id": "SD2100046",
                    "start": "402.80100",
                    "end": "408.53901",
                    "note": ""
                },
                {
                    "id": "SDRW2100000046.1.1.102",
                    "form": "밥을 먹고서 제대로 열량 소모를 안 해 준 거 같아.",
                    "original_form": "밥을 먹고서 제대로 열량 소모를 안 해 준 거 같애.",
                    "speaker_id": "SD2100046",
                    "start": "409.24012",
                    "end": "412.18366",
                    "note": ""
                },
                {
                    "id": "SDRW2100000046.1.1.103",
                    "form": "그리고 저녁때도",
                    "original_form": "그리고 저녁때도",
                    "speaker_id": "SD2100046",
                    "start": "412.18366",
                    "end": "413.56899",
                    "note": ""
                },
                {
                    "id": "SDRW2100000046.1.1.104",
                    "form": "이제",
                    "original_form": "이제",
                    "speaker_id": "SD2100046",
                    "start": "413.56899",
                    "end": "414.65901",
                    "note": ""
                },
                {
                    "id": "SDRW2100000046.1.1.105",
                    "form": "피곤하니까 바로 자게 되고 형 같은 경우에는",
                    "original_form": "피곤하니까 바로 자게 되고 형 같은 경우에는",
                    "speaker_id": "SD2100046",
                    "start": "414.65901",
                    "end": "417.78901",
                    "note": ""
                },
                {
                    "id": "SDRW2100000046.1.1.106",
                    "form": "뭐 잘못된 식습관이 있는 거 같아?",
                    "original_form": "뭐 잘못된 식습관이 있는 거 같아?",
                    "speaker_id": "SD2100046",
                    "start": "417.78901",
                    "end": "420.04899",
                    "note": ""
                },
                {
                    "id": "SDRW2100000046.1.1.107",
                    "form": "나도 러시아 있을 때 세 끼를 꼬박꼬박 챙겨 먹고",
                    "original_form": "나도 러시아 있을 때 세 끼를 꼬박꼬박 챙겨 먹고",
                    "speaker_id": "SD2100045",
                    "start": "421.20899",
                    "end": "426.32901",
                    "note": ""
                },
                {
                    "id": "SDRW2100000046.1.1.108",
                    "form": "많이 움직이지 않아서 쪘던 거 같아.",
                    "original_form": "많이 움직이지 않아서 쪘던 거 같애.",
                    "speaker_id": "SD2100045",
                    "start": "426.96945",
                    "end": "429.99899",
                    "note": ""
                },
                {
                    "id": "SDRW2100000046.1.1.109",
                    "form": "특히 뭐 배달 음식이나 아니면 기름진 음식",
                    "original_form": "특히 뭐 배달 음식이나 아니면 기름진 음식",
                    "speaker_id": "SD2100045",
                    "start": "430.56529",
                    "end": "434.59899",
                    "note": ""
                },
                {
                    "id": "SDRW2100000046.1.1.110",
                    "form": "그런 걸 먹어서",
                    "original_form": "그런 걸 먹어서",
                    "speaker_id": "SD2100045",
                    "start": "434.59899",
                    "end": "437.21901",
                    "note": ""
                },
                {
                    "id": "SDRW2100000046.1.1.111",
                    "form": "살이 많이 찐 것도 있는 것도 있는 거 같고",
                    "original_form": "살이 많이 찐 것도 있는 것도 있는 거 같고",
                    "speaker_id": "SD2100045",
                    "start": "438.34901",
                    "end": "440.61899",
                    "note": ""
                },
                {
                    "id": "SDRW2100000046.1.1.112",
                    "form": "그러면 형은",
                    "original_form": "그러면 형은",
                    "speaker_id": "SD2100046",
                    "start": "442.19901",
                    "end": "444.04901",
                    "note": ""
                },
                {
                    "id": "SDRW2100000046.1.1.113",
                    "form": "어 러시아에 있을 때 딱히 운동을 별도로 안 했던 거야?",
                    "original_form": "어 러시아에 있을 때 딱히 운동을 별도로 안 했던 거야?",
                    "speaker_id": "SD2100046",
                    "start": "444.04901",
                    "end": "447.50900",
                    "note": ""
                },
                {
                    "id": "SDRW2100000046.1.1.114",
                    "form": "그렇지 거기서는 운동을 할 수 있는",
                    "original_form": "그치 거기서는 운동을 할 수 있는",
                    "speaker_id": "SD2100045",
                    "start": "448.06899",
                    "end": "451.92102",
                    "note": ""
                },
                {
                    "id": "SDRW2100000046.1.1.115",
                    "form": "상태가 아니었어. 내가",
                    "original_form": "상태가 아니었어. 내가",
                    "speaker_id": "SD2100045",
                    "start": "451.92102",
                    "end": "454.26609",
                    "note": ""
                },
                {
                    "id": "SDRW2100000046.1.1.116",
                    "form": "한 달 두 달 두 달 정도만에 확 불은 몸이어 가지고",
                    "original_form": "한 달 두 달 두 달 정도만에 확 뿔은 몸이어 가지고",
                    "speaker_id": "SD2100045",
                    "start": "455.08510",
                    "end": "460.43900",
                    "note": ""
                },
                {
                    "id": "SDRW2100000046.1.1.117",
                    "form": "거기서 운동을 할 수 있는 상황도 안 됐고",
                    "original_form": "거기서 운동을 할 수 있는 상황도 안 됐고",
                    "speaker_id": "SD2100045",
                    "start": "461.08282",
                    "end": "466.20901",
                    "note": ""
                },
                {
                    "id": "SDRW2100000046.1.1.118",
                    "form": "내가 집 구하고 그러느라 운동할 상황이 안 돼서",
                    "original_form": "내가 집 구하고 그르느라 운동할 상황이 안 돼서",
                    "speaker_id": "SD2100045",
                    "start": "466.20901",
                    "end": "469.87899",
                    "note": ""
                },
                {
                    "id": "SDRW2100000046.1.1.119",
                    "form": "어쩔 수 없이는 핑계지만 그래도",
                    "original_form": "어쩔 수 없이는 핑계지만 그래도",
                    "speaker_id": "SD2100045",
                    "start": "470.61046",
                    "end": "474.71901",
                    "note": ""
                },
                {
                    "id": "SDRW2100000046.1.1.120",
                    "form": "그렇게 찐 거 같아.",
                    "original_form": "그렇게 찐 거 같애.",
                    "speaker_id": "SD2100045",
                    "start": "474.71901",
                    "end": "476.31901",
                    "note": ""
                },
                {
                    "id": "SDRW2100000046.1.1.121",
                    "form": "형 그러면 매운 음식이나 뭐 기름진 음식 같은 것도 많이 먹었어?",
                    "original_form": "형 그러면 매운 음식이나 뭐 기름진 음식 같은 것도 많이 먹었어?",
                    "speaker_id": "SD2100046",
                    "start": "477.56901",
                    "end": "481.80900",
                    "note": "발화겹침"
                },
                {
                    "id": "SDRW2100000046.1.1.122",
                    "form": "기름진 음식이랑 매운 음식을 정말 많이 좋아했거든. 그래서 자주 먹었고",
                    "original_form": "기름진 음식이랑 매운 음식을 정말 많이 좋아했거든. 그래서 자주 먹었고",
                    "speaker_id": "SD2100045",
                    "start": "481.79899",
                    "end": "488.01899",
                    "note": "발화겹침"
                },
                {
                    "id": "SDRW2100000046.1.1.123",
                    "form": "그걸",
                    "original_form": "그걸",
                    "speaker_id": "SD2100045",
                    "start": "488.01899",
                    "end": "489.37900",
                    "note": ""
                },
                {
                    "id": "SDRW2100000046.1.1.124",
                    "form": "계속 먹다 보니까 살이 찌게 된 거 같아.",
                    "original_form": "계속 먹다 보니까 살이 찌게 된 거 같애.",
                    "speaker_id": "SD2100045",
                    "start": "489.37900",
                    "end": "492.56900",
                    "note": ""
                },
                {
                    "id": "SDRW2100000046.1.1.125",
                    "form": "형 그러면 살이 찌면서 뭔가",
                    "original_form": "형 그러면 살이 찌면서 뭔가",
                    "speaker_id": "SD2100046",
                    "start": "494.08899",
                    "end": "496.84822",
                    "note": ""
                },
                {
                    "id": "SDRW2100000046.1.1.126",
                    "form": "뭐 호흡이 나빠진다거나 아니면 혈관이 좀 안 좋아진 느낌이 든다거나 그런 느낌 없었어?",
                    "original_form": "뭐 호흡이 나빠진다거나 아니면 혈관이 좀 안 좋아진 느낌이 든다거나 그런 느낌 없었어?",
                    "speaker_id": "SD2100046",
                    "start": "496.84822",
                    "end": "502.15901",
                    "note": ""
                },
                {
                    "id": "SDRW2100000046.1.1.127",
                    "form": "예전부터 고혈압은 쪼금 있었고",
                    "original_form": "예전부터 고혈압은 쪼금 있었고",
                    "speaker_id": "SD2100045",
                    "start": "502.99901",
                    "end": "506.21901",
                    "note": ""
                },
                {
                    "id": "SDRW2100000046.1.1.128",
                    "form": "그 안 좋아진 점 호흡 같은 거는",
                    "original_form": "그 안 좋아진 점 호흡 같은 거는",
                    "speaker_id": "SD2100045",
                    "start": "506.21901",
                    "end": "509.82899",
                    "note": ""
                },
                {
                    "id": "SDRW2100000046.1.1.129",
                    "form": "아마 내가",
                    "original_form": "아마 내가",
                    "speaker_id": "SD2100045",
                    "start": "509.82899",
                    "end": "512.05899",
                    "note": ""
                },
                {
                    "id": "SDRW2100000046.1.1.130",
                    "form": "요번에 달리기 하면서 느꼈는데 많이",
                    "original_form": "요번에 달리기 하면서 느꼈는데 많이",
                    "speaker_id": "SD2100045",
                    "start": "512.05899",
                    "end": "515.72900",
                    "note": ""
                },
                {
                    "id": "SDRW2100000046.1.1.131",
                    "form": "호흡이 가빠하 가빠지고",
                    "original_form": "호흡이 가빠하 가빠워지고",
                    "speaker_id": "SD2100045",
                    "start": "515.72900",
                    "end": "519.03899",
                    "note": ""
                },
                {
                    "id": "SDRW2100000046.1.1.132",
                    "form": "조금 운동 하기가 많이 힘들더라고.",
                    "original_form": "조금 운동 하기가 많이 힘들더라고.",
                    "speaker_id": "SD2100045",
                    "start": "519.03899",
                    "end": "521.98900",
                    "note": ""
                },
                {
                    "id": "SDRW2100000046.1.1.133",
                    "form": "특히 마스크 쓰고 운동하고 그러면",
                    "original_form": "특히 마스크 쓰고 운동하고 그러면",
                    "speaker_id": "SD2100045",
                    "start": "521.98900",
                    "end": "525.32902",
                    "note": ""
                },
                {
                    "id": "SDRW2100000046.1.1.134",
                    "form": "더 호흡이 차서 힘들었던 거 같아.",
                    "original_form": "더 호흡이 차서 힘들었던 거 같애.",
                    "speaker_id": "SD2100045",
                    "start": "525.32902",
                    "end": "529.44897",
                    "note": ""
                },
                {
                    "id": "SDRW2100000046.1.1.135",
                    "form": "너는 그러면 뭐 매운 음식이나 그런 거 좋아하는 편이야?",
                    "original_form": "너는 그러면 뭐 매운 음식이나 그런 거 좋아하는 편이야?",
                    "speaker_id": "SD2100045",
                    "start": "529.44897",
                    "end": "534.37899",
                    "note": ""
                },
                {
                    "id": "SDRW2100000046.1.1.136",
                    "form": "뭐 매운 음식을 잘 먹지는 않는데 좋아하는 편이라서 러시아 있으면서 이제 불닭 소스 되게 매웠던 거를 한 여섯 통을 비웠었던거 같아.",
                    "original_form": "뭐 매운 음식을 잘 먹지는 않는데 좋아하는 편이라서 러시아 있으면서 이제 불닭 쏘스 되게 매웠던 거를 한 여섯 통을 비웠었던거 같아.",
                    "speaker_id": "SD2100046",
                    "start": "535.50900",
                    "end": "543.95897",
                    "note": ""
                },
                {
                    "id": "SDRW2100000046.1.1.137",
                    "form": "그래서 살이 찐 걸로 너는 생각하는 거야?",
                    "original_form": "그래서 살이 찐 걸로 너는 생각하는 거야?",
                    "speaker_id": "SD2100045",
                    "start": "544.90898",
                    "end": "548.28901",
                    "note": ""
                },
                {
                    "id": "SDRW2100000046.1.1.138",
                    "form": "그게 좀 크게 작용했던 거 같아. 아무래도 매운 소스를 좀 뿌리다 보니까",
                    "original_form": "그게 좀 크게 작용했던 거 같아. 아무래도 매운 쏘스를 좀 뿌리다 보니까",
                    "speaker_id": "SD2100046",
                    "start": "548.93898",
                    "end": "553.38300",
                    "note": ""
                },
                {
                    "id": "SDRW2100000046.1.1.139",
                    "form": "쪼금 더 튀긴 음식 기름진 음식 이런 걸 찾게 되고",
                    "original_form": "쪼금 더 튀긴 음식 기름진 음식 이런 걸 찾게 되고",
                    "speaker_id": "SD2100046",
                    "start": "553.38300",
                    "end": "557.39899",
                    "note": ""
                },
                {
                    "id": "SDRW2100000046.1.1.140",
                    "form": "어",
                    "original_form": "어~",
                    "speaker_id": "SD2100046",
                    "start": "557.39899",
                    "end": "558.57900",
                    "note": ""
                },
                {
                    "id": "SDRW2100000046.1.1.141",
                    "form": "위에도 좋지 않고 소화능력도 떨어지고 그래서 건강이 많이 나빠졌던 거 같아.",
                    "original_form": "위에도 좋지 않고 소화능력도 떨어지고 그래서 건강이 많이 나빠졌던 거 같아.",
                    "speaker_id": "SD2100046",
                    "start": "559.67898",
                    "end": "564.04900",
                    "note": ""
                },
                {
                    "id": "SDRW2100000046.1.1.142",
                    "form": "내가 티브이를 보니까 뭐 다이어트 보조식품 같은 거를",
                    "original_form": "내가 티비를 보니까 뭐 다이어트 보조식품 같은 거를",
                    "speaker_id": "SD2100045",
                    "start": "565.90898",
                    "end": "571.07899",
                    "note": ""
                },
                {
                    "id": "SDRW2100000046.1.1.143",
                    "form": "막 찾아서 다이어트 성공 사례들이 있던데 그거에 대해서 어떻게 생각해?",
                    "original_form": "막 찾아서 다이어트 성공 사례들이 있던데 그거에 대해서 어떻게 생각해?",
                    "speaker_id": "SD2100045",
                    "start": "571.60147",
                    "end": "576.72898",
                    "note": ""
                },
                {
                    "id": "SDRW2100000046.1.1.144",
                    "form": "이제 어 내 친구 동생도 의대 다니고 이제 내",
                    "original_form": "이제 어~ 내 친구 동생도 의대 다니고 이제 내",
                    "speaker_id": "SD2100046",
                    "start": "577.40897",
                    "end": "582.22900",
                    "note": ""
                },
                {
                    "id": "SDRW2100000046.1.1.145",
                    "form": "아버지 친구분들도 의사분들이 계신데",
                    "original_form": "아버지 친구분들도 의사분들이 계신데",
                    "speaker_id": "SD2100046",
                    "start": "582.22900",
                    "end": "584.88628",
                    "note": ""
                },
                {
                    "id": "SDRW2100000046.1.1.146",
                    "form": "그분들은 그런 거 추천하지 않다고 하더라고. 그래서 보조제 효과가 있는 보조제 같은 경우에는",
                    "original_form": "그분들은 그런 거 추천하지 않다고 하더라고. 그래서 보조제 효과가 있는 보조제 같은 경우에는",
                    "speaker_id": "SD2100046",
                    "start": "584.88628",
                    "end": "590.58898",
                    "note": ""
                },
                {
                    "id": "SDRW2100000046.1.1.147",
                    "form": "어 아무리 부작용이 있다 보니까 막 정말",
                    "original_form": "어~ 아무리 부작용이 있다 보니까 막 정말",
                    "speaker_id": "SD2100046",
                    "start": "591.11147",
                    "end": "594.28901",
                    "note": ""
                },
                {
                    "id": "SDRW2100000046.1.1.148",
                    "form": "어",
                    "original_form": "어",
                    "speaker_id": "SD2100046",
                    "start": "594.28901",
                    "end": "595.28898",
                    "note": ""
                },
                {
                    "id": "SDRW2100000046.1.1.149",
                    "form": "생명에 관련돼서 살을 빼야 되는 경우가 아니라면 추천하지 않는다고 해서 나는 별도로 복용하지는 않고 있어.",
                    "original_form": "생명에 관련돼서 살을 빼야 되는 경우가 아니라면 추천하지 않는다고 해서 나는 별도로 복용하지는 않고 있어.",
                    "speaker_id": "SD2100046",
                    "start": "595.28898",
                    "end": "601.89899",
                    "note": ""
                },
                {
                    "id": "SDRW2100000046.1.1.150",
                    "form": "내가 알기로 김태우 가수 김태우나 뭐 빅마마 이런 사람들이 굉장히",
                    "original_form": "내가 알기로 김태우 가수 김태우나 뭐 빅마마 이런 사람들이 굉장히",
                    "speaker_id": "SD2100045",
                    "start": "602.88898",
                    "end": "609.42900",
                    "note": ""
                },
                {
                    "id": "SDRW2100000046.1.1.151",
                    "form": "조금 풍체가 있으셨잖아.",
                    "original_form": "조금 풍체가 있으셨잖아.",
                    "speaker_id": "SD2100045",
                    "start": "609.42900",
                    "end": "611.30901",
                    "note": ""
                },
                {
                    "id": "SDRW2100000046.1.1.152",
                    "form": "근데 그 분들이 뭐 보조제를 먹고",
                    "original_form": "근데 그 분들이 뭐 보조제를 먹고",
                    "speaker_id": "SD2100045",
                    "start": "611.30901",
                    "end": "614.39735",
                    "note": ""
                },
                {
                    "id": "SDRW2100000046.1.1.153",
                    "form": "많이 감량한 게 티브이에 나오고 그랬는데",
                    "original_form": "많이 감량한 게 티비에 나오고 그랬는데",
                    "speaker_id": "SD2100045",
                    "start": "614.39735",
                    "end": "617.98899",
                    "note": ""
                },
                {
                    "id": "SDRW2100000046.1.1.154",
                    "form": "그래서 뭐",
                    "original_form": "그래서 뭐",
                    "speaker_id": "SD2100045",
                    "start": "618.99900",
                    "end": "620.53566",
                    "note": ""
                },
                {
                    "id": "SDRW2100000046.1.1.155",
                    "form": "나도 뭐 맹신하는 건 아니지만 보조식품 정도로는 괜찮다고 보는 거 같아. 근데",
                    "original_form": "나도 뭐 맹신하는 건 아니지만 보조식품 정도로는 괜찮다고 보는 거 같애. 근데",
                    "speaker_id": "SD2100045",
                    "start": "620.53566",
                    "end": "629.11005",
                    "note": ""
                },
                {
                    "id": "SDRW2100000046.1.1.156",
                    "form": "물론 당연히 운동을 해서 살을 빼는 게 가장 중요하겠지.",
                    "original_form": "물론 당연히 운동을 해서 살을 빼는 게 가장 중요하겠지.",
                    "speaker_id": "SD2100045",
                    "start": "629.11005",
                    "end": "633.76897",
                    "note": ""
                },
                {
                    "id": "SDRW2100000046.1.1.157",
                    "form": "나도 이제 보조제 같은 건 효과는 분명히 있다고 생각을 하는데 어",
                    "original_form": "나도 이제 보조제 같은 건 효과는 분명히 있다고 생각을 하는데 어~",
                    "speaker_id": "SD2100046",
                    "start": "634.74901",
                    "end": "639.65901",
                    "note": ""
                },
                {
                    "id": "SDRW2100000046.1.1.158",
                    "form": "내가 듣기로는 이제 호르몬이 바뀌기 바뀌거나 아니면은",
                    "original_form": "내가 듣기로는 이제 호르몬이 바뀌기 바뀌거나 아니면은",
                    "speaker_id": "SD2100046",
                    "start": "639.65901",
                    "end": "644.04899",
                    "note": ""
                },
                {
                    "id": "SDRW2100000046.1.1.159",
                    "form": "어",
                    "original_form": "어~",
                    "speaker_id": "SD2100046",
                    "start": "644.51417",
                    "end": "646.00897",
                    "note": ""
                },
                {
                    "id": "SDRW2100000046.1.1.160",
                    "form": "조금 감정선의 문제가 생길 수도 있어서 그래서",
                    "original_form": "조금 감정선의 문제가 생길 수도 있어서 그래서",
                    "speaker_id": "SD2100046",
                    "start": "646.00897",
                    "end": "650.39901",
                    "note": ""
                },
                {
                    "id": "SDRW2100000046.1.1.161",
                    "form": "어 그냥 운동 꾸준한 관리를 통해서 하는 게 제일 좋은 거 같아.",
                    "original_form": "어 그냥 운동 꾸준한 관리를 통해서 하는 게 제일 좋은 거 같아.",
                    "speaker_id": "SD2100046",
                    "start": "650.87765",
                    "end": "654.87902",
                    "note": ""
                },
                {
                    "id": "SDRW2100000046.1.1.162",
                    "form": "그렇지 운동을 해서",
                    "original_form": "그지 운동을 해서",
                    "speaker_id": "SD2100045",
                    "start": "656.45897",
                    "end": "658.87898",
                    "note": ""
                },
                {
                    "id": "SDRW2100000046.1.1.163",
                    "form": "다이어트를 해야지 요요가 많이 오지 않는다고 하더라고.",
                    "original_form": "다이어트를 해야지 요요가 많이 오지 않는다고 하더라고.",
                    "speaker_id": "SD2100045",
                    "start": "658.87898",
                    "end": "662.75901",
                    "note": ""
                },
                {
                    "id": "SDRW2100000046.1.1.164",
                    "form": "다이어트를",
                    "original_form": "다이어트를",
                    "speaker_id": "SD2100045",
                    "start": "662.75901",
                    "end": "664.98901",
                    "note": ""
                },
                {
                    "id": "SDRW2100000046.1.1.165",
                    "form": "나는 뭐 예전부터 그렇게 막 살이",
                    "original_form": "나는 뭐 예전부터 그렇게 막 살이",
                    "speaker_id": "SD2100045",
                    "start": "667.10901",
                    "end": "671.29897",
                    "note": ""
                },
                {
                    "id": "SDRW2100000046.1.1.166",
                    "form": "예전부터 살이 많이 쪘는데 군인 돼서 좀 많이",
                    "original_form": "예전부터 살이 많이 쪘는데 군인 돼서 좀 많이",
                    "speaker_id": "SD2100045",
                    "start": "671.72300",
                    "end": "675.80901",
                    "note": ""
                },
                {
                    "id": "SDRW2100000046.1.1.167",
                    "form": "빠졌어서 그때를 목표로 지금 계속",
                    "original_form": "빠졌어서 그때를 목표로 지금 계속",
                    "speaker_id": "SD2100045",
                    "start": "675.80901",
                    "end": "680.58900",
                    "note": ""
                },
                {
                    "id": "SDRW2100000046.1.1.168",
                    "form": "꾸준하게 운동을 하면서 뺄 생각이거든.",
                    "original_form": "꾸준하게 운동을 하면서 뺄 생각이거든.",
                    "speaker_id": "SD2100045",
                    "start": "680.58900",
                    "end": "684.16898",
                    "note": ""
                },
                {
                    "id": "SDRW2100000046.1.1.169",
                    "form": "너는 가장 말랐을 때가",
                    "original_form": "너는 가장 말랐을 때가",
                    "speaker_id": "SD2100045",
                    "start": "684.16898",
                    "end": "686.81897",
                    "note": ""
                },
                {
                    "id": "SDRW2100000046.1.1.170",
                    "form": "가장 몸이 좋았을 때가 있었어?",
                    "original_form": "가장 몸이 좋았을 때가 있었어?",
                    "speaker_id": "SD2100045",
                    "start": "686.81897",
                    "end": "688.98898",
                    "note": ""
                },
                {
                    "id": "SDRW2100000046.1.1.171",
                    "form": "나는 이제 고등학교 다닐 때 육상부 했었거든. 대구랑 육상이랑 돌아가면서 했었는데",
                    "original_form": "나는 이제 고등학교 다닐 때 육상부 했었거든. 대구랑 육상이랑 돌아가면서 했었는데",
                    "speaker_id": "SD2100046",
                    "start": "689.36898",
                    "end": "694.77871",
                    "note": ""
                },
                {
                    "id": "SDRW2100000046.1.1.172",
                    "form": "그때가 내가 체력이 제일 좋았었던 거 같아. 이제 몸이 가볍다 보니까",
                    "original_form": "그때가 내가 체력이 제일 좋았었던 거 같아. 이제 몸이 가볍다 보니까",
                    "speaker_id": "SD2100046",
                    "start": "694.77871",
                    "end": "700.49897",
                    "note": ""
                },
                {
                    "id": "SDRW2100000046.1.1.173",
                    "form": "턱걸이도 이제 반동을 쓰면은 한 스무 개까지 했었고",
                    "original_form": "턱걸이도 이제 반동을 쓰면은 한 스무 개까지 했었고",
                    "speaker_id": "SD2100046",
                    "start": "701.09226",
                    "end": "704.59512",
                    "note": ""
                },
                {
                    "id": "SDRW2100000046.1.1.174",
                    "form": "그리고 달리기 같은 것도 15킬로미터 이제 1시간 10분 대",
                    "original_form": "그리고 달리기 같은 것도 십오 키로미터 이제 한 시간 십 분 대",
                    "speaker_id": "SD2100046",
                    "start": "704.59512",
                    "end": "708.28900",
                    "note": ""
                },
                {
                    "id": "SDRW2100000046.1.1.175",
                    "form": "그렇게 끊었었고",
                    "original_form": "그렇게 끊었었고",
                    "speaker_id": "SD2100046",
                    "start": "708.28900",
                    "end": "709.85897",
                    "note": ""
                },
                {
                    "id": "SDRW2100000046.1.1.176",
                    "form": "어 딱 중고등학교 그때 운동을 했었을 때가 규칙적인 생활이 되고",
                    "original_form": "어~ 딱 중고등학교 그때 운동을 했었을 때가 규칙적인 생활이 되고",
                    "speaker_id": "SD2100046",
                    "start": "710.38484",
                    "end": "715.65898",
                    "note": ""
                },
                {
                    "id": "SDRW2100000046.1.1.177",
                    "form": "어 운동량이 많다 보니까 몸이 제일 좋았었던 거 같아.",
                    "original_form": "어~ 운동량이 많다 보니까 몸이 제일 좋았었던 거 같아.",
                    "speaker_id": "SD2100046",
                    "start": "715.65898",
                    "end": "719.02900",
                    "note": ""
                },
                {
                    "id": "SDRW2100000046.1.1.178",
                    "form": "그런 걸로 미루어 봤을 때",
                    "original_form": "그런 걸로 미루어 봤을 때",
                    "speaker_id": "SD2100045",
                    "start": "720.60902",
                    "end": "723.14900",
                    "note": ""
                },
                {
                    "id": "SDRW2100000046.1.1.179",
                    "form": "내 생각에는 아마",
                    "original_form": "내 생각에는 아마",
                    "speaker_id": "SD2100045",
                    "start": "723.14900",
                    "end": "725.04954",
                    "note": ""
                },
                {
                    "id": "SDRW2100000046.1.1.180",
                    "form": "제일 좋은 다이어트는 운동이 아닐까 싶어. 운동을 계속하면 자연스럽게",
                    "original_form": "제일 좋은 다이어트는 운동이 아닐까 싶어. 운동을 계속하면 자연스럽게",
                    "speaker_id": "SD2100045",
                    "start": "725.04954",
                    "end": "732.91897",
                    "note": ""
                },
                {
                    "id": "SDRW2100000046.1.1.181",
                    "form": "체중 감량이 되는 거 같아.",
                    "original_form": "체중 감량이 되는 거 같애.",
                    "speaker_id": "SD2100045",
                    "start": "732.91897",
                    "end": "735.20897",
                    "note": ""
                },
                {
                    "id": "SDRW2100000046.1.1.182",
                    "form": "맞아. 특히 감량에 좋은 운동이 수영 같은 거라고 생각을 하는데 형은 수영 같은 걸 어 딱히 시간을 내서 해?",
                    "original_form": "맞아. 특히 감량에 좋은 운동이 수영 같은 거라고 생각을 하는데 형은 수영 같은 걸 어 딱히 시간을 내서 해?",
                    "speaker_id": "SD2100046",
                    "start": "736.87902",
                    "end": "744.30897",
                    "note": ""
                },
                {
                    "id": "SDRW2100000046.1.1.183",
                    "form": "나는 수영을 한 번도 배워본적이 없고",
                    "original_form": "나는 수영을 한 번도 배워본적이 없고",
                    "speaker_id": "SD2100045",
                    "start": "745.20900",
                    "end": "748.81901",
                    "note": ""
                },
                {
                    "id": "SDRW2100000046.1.1.184",
                    "form": "군대 가서",
                    "original_form": "군대 가서",
                    "speaker_id": "SD2100045",
                    "start": "748.81901",
                    "end": "750.02899",
                    "note": ""
                },
                {
                    "id": "SDRW2100000046.1.1.185",
                    "form": "했는데 그때 그냥 뭐 자유형을 배운 게 아니라 평형만 배워 가지고",
                    "original_form": "했는데 그때 그냥 뭐 자유형을 배운 게 아니라 평형만 배워 가지고",
                    "speaker_id": "SD2100045",
                    "start": "750.02899",
                    "end": "755.56900",
                    "note": ""
                },
                {
                    "id": "SDRW2100000046.1.1.186",
                    "form": "뭐 쓸 쓸 때는 거의 없는 거 같은데",
                    "original_form": "뭐 쓸 쓸 때는 거의 없는 거 같은데",
                    "speaker_id": "SD2100045",
                    "start": "755.56900",
                    "end": "759.67900",
                    "note": ""
                },
                {
                    "id": "SDRW2100000046.1.1.187",
                    "form": "나도 수영을 한번 꼭 배워 보고 싶어.",
                    "original_form": "나도 수영을 한번 꼭 배워 보고 싶어.",
                    "speaker_id": "SD2100045",
                    "start": "759.67900",
                    "end": "762.71901",
                    "note": ""
                },
                {
                    "id": "SDRW2100000046.1.1.188",
                    "form": "이번에 어 바이러스 이런 것만 아니면 사실 수영장 같은 데 가서 수영을 하면서 체력도 기르고 이제",
                    "original_form": "이번에 어~ 바이러스 이런 것만 아니면 사실 수영장 같은 데 가서 수영을 하면서 체력도 기르고 이제",
                    "speaker_id": "SD2100046",
                    "start": "763.93898",
                    "end": "772.14902",
                    "note": ""
                },
                {
                    "id": "SDRW2100000046.1.1.189",
                    "form": "특히나 달리기 같은 거는 좀 관주 관절에 무리가 많이 가는데",
                    "original_form": "특히나 달리기 같은 거는 좀 관주 관절에 무리가 많이 가는데",
                    "speaker_id": "SD2100046",
                    "start": "772.14902",
                    "end": "777.20919",
                    "note": ""
                },
                {
                    "id": "SDRW2100000046.1.1.190",
                    "form": "수영 같은 거는 그런 걱정 없다 보니까",
                    "original_form": "수영 같은 거는 그런 걱정 없다 보니까",
                    "speaker_id": "SD2100046",
                    "start": "777.20919",
                    "end": "779.30898",
                    "note": ""
                },
                {
                    "id": "SDRW2100000046.1.1.191",
                    "form": "되게 이상적인 스포츠 같은데",
                    "original_form": "되게 이상적인 스포츠 같은데",
                    "speaker_id": "SD2100046",
                    "start": "779.30898",
                    "end": "781.41899",
                    "note": ""
                },
                {
                    "id": "SDRW2100000046.1.1.192",
                    "form": "지금 어 현 상황 때문에 못 하고 있는 게 되게 많이 아쉬워.",
                    "original_form": "지금 어~ 현 상황 때문에 못 하고 있는 게 되게 많이 아쉬워.",
                    "speaker_id": "SD2100046",
                    "start": "782.54900",
                    "end": "787.66902",
                    "note": ""
                },
                {
                    "id": "SDRW2100000046.1.1.193",
                    "form": "너는 수영을 그럼 배워본 적은 있어?",
                    "original_form": "너는 수영을 그럼 배워본 적은 있어?",
                    "speaker_id": "SD2100045",
                    "start": "788.47902",
                    "end": "791.06901",
                    "note": ""
                },
                {
                    "id": "SDRW2100000046.1.1.194",
                    "form": "나는 옛날에 초등학교 때",
                    "original_form": "나는 옛날에 초등학교 때",
                    "speaker_id": "SD2100046",
                    "start": "791.62900",
                    "end": "793.59382",
                    "note": ""
                },
                {
                    "id": "SDRW2100000046.1.1.195",
                    "form": "그 우리 어머니 아시는 분 따님이 그 국가대표 출신이셨거든.",
                    "original_form": "그 우리 어머니 아시는 분 따님이 그 국가대표 출신이셨거든.",
                    "speaker_id": "SD2100046",
                    "start": "793.59382",
                    "end": "798.64901",
                    "note": ""
                },
                {
                    "id": "SDRW2100000046.1.1.196",
                    "form": "그래서 그분한테 조금 배우고",
                    "original_form": "그래서 그분한테 쪼끔 배우고",
                    "speaker_id": "SD2100046",
                    "start": "798.64901",
                    "end": "801.50902",
                    "note": ""
                },
                {
                    "id": "SDRW2100000046.1.1.197",
                    "form": "이제 기숙학교 들어 갔을 때도 꾸준히 수영을 하고",
                    "original_form": "이제 기숙학교 들어 갔을 때도 꾸준히 수영을 하고",
                    "speaker_id": "SD2100046",
                    "start": "801.50902",
                    "end": "805.68898",
                    "note": ""
                },
                {
                    "id": "SDRW2100000046.1.1.198",
                    "form": "스쿠버 다이빙 같은 것도 배웠었고 그리고 이제 대학교 가서도",
                    "original_form": "스쿠버 다이빙 같은 것도 배웠었고 그리고 이제 대학교 가서도",
                    "speaker_id": "SD2100046",
                    "start": "806.96901",
                    "end": "810.79899",
                    "note": ""
                },
                {
                    "id": "SDRW2100000046.1.1.199",
                    "form": "이제 모스크바에 있는 체육관에",
                    "original_form": "이제 모스크바에 있는 체육관에",
                    "speaker_id": "SD2100046",
                    "start": "810.79899",
                    "end": "813.83899",
                    "note": ""
                },
                {
                    "id": "SDRW2100000046.1.1.200",
                    "form": "수영장이 따로 있어서 거기서",
                    "original_form": "수영장이 따로 있어서 거기서",
                    "speaker_id": "SD2100046",
                    "start": "813.83899",
                    "end": "815.97903",
                    "note": ""
                },
                {
                    "id": "SDRW2100000046.1.1.201",
                    "form": "수영을 계속 했던 거 같아.",
                    "original_form": "수영을 계속 했던 거 같아.",
                    "speaker_id": "SD2100046",
                    "start": "815.97903",
                    "end": "817.75902",
                    "note": ""
                },
                {
                    "id": "SDRW2100000046.1.1.202",
                    "form": "아 그렇구나. 너는 수영을 그러면",
                    "original_form": "아 그렇구나. 너는 수영을 그러면",
                    "speaker_id": "SD2100045",
                    "start": "818.47899",
                    "end": "823.79902",
                    "note": ""
                },
                {
                    "id": "SDRW2100000046.1.1.203",
                    "form": "스쿠버 다이빙을 했다고 했는데 나도 스쿠버 다이빙을 했거든.",
                    "original_form": "스쿠버 다이빙을 했다고 했는데 나도 스쿠버 다이빙을 했거든.",
                    "speaker_id": "SD2100045",
                    "start": "823.79902",
                    "end": "829.20288",
                    "note": ""
                },
                {
                    "id": "SDRW2100000046.1.1.204",
                    "form": "그 스쿠버 다이빙을 할 때",
                    "original_form": "그 스쿠버 다이빙을 할 때",
                    "speaker_id": "SD2100045",
                    "start": "829.20288",
                    "end": "833.20898",
                    "note": ""
                },
                {
                    "id": "SDRW2100000046.1.1.205",
                    "form": "뭐 재밌었던 일은 있어?",
                    "original_form": "뭐 재밌었던 일은 있어?",
                    "speaker_id": "SD2100045",
                    "start": "833.20898",
                    "end": "836.21902",
                    "note": ""
                },
                {
                    "id": "SDRW2100000046.1.1.206",
                    "form": "이제 스쿠버 다이빙 같은 경우에는 조금 평소 훈련이 조금 힘들었었던 건 있어.",
                    "original_form": "이제 스쿠버 다이빙 같은 경우에는 조금 평소 훈련이 조금 힘들었었던 건 있어.",
                    "speaker_id": "SD2100046",
                    "start": "836.98898",
                    "end": "843.18901",
                    "note": ""
                },
                {
                    "id": "SDRW2100000046.1.1.207",
                    "form": "어 그런데 이제 바다에 가서 이제",
                    "original_form": "어~ 그런데 이제 바다에 가서 이제",
                    "speaker_id": "SD2100046",
                    "start": "843.18901",
                    "end": "846.67903",
                    "note": ""
                },
                {
                    "id": "SDRW2100000046.1.1.208",
                    "form": "수업을 진행을 할 때는",
                    "original_form": "수업을 진행을 할 때는",
                    "speaker_id": "SD2100046",
                    "start": "846.67903",
                    "end": "848.39902",
                    "note": ""
                },
                {
                    "id": "SDRW2100000046.1.1.209",
                    "form": "다양한 생물들도 보고 산호초 같은 것도 보고",
                    "original_form": "다양한 생물들도 보고 산호초 같은 것도 보고",
                    "speaker_id": "SD2100046",
                    "start": "848.90300",
                    "end": "853.68903",
                    "note": ""
                },
                {
                    "id": "SDRW2100000046.1.1.210",
                    "form": "해파리에 쏘일 뻔한 경험도 있고 하니까",
                    "original_form": "해파리에 쏘일 뻔한 경험도 있고 하니까",
                    "speaker_id": "SD2100046",
                    "start": "853.68903",
                    "end": "856.21902",
                    "note": ""
                },
                {
                    "id": "SDRW2100000046.1.1.211",
                    "form": "되게 재밌었던 추억이 많았던 거 같아.",
                    "original_form": "되게 재밌었던 추억이 많았던 거 같아.",
                    "speaker_id": "SD2100046",
                    "start": "856.21902",
                    "end": "858.77898",
                    "note": ""
                },
                {
                    "id": "SDRW2100000046.1.1.212",
                    "form": "아 나도 바다 나가서 수영을 해 본 적이 있는데",
                    "original_form": "아 나도 바다 나가서 수영을 해 본 적이 있는데",
                    "speaker_id": "SD2100045",
                    "start": "859.72899",
                    "end": "864.09901",
                    "note": ""
                },
                {
                    "id": "SDRW2100000046.1.1.213",
                    "form": "그때",
                    "original_form": "그때",
                    "speaker_id": "SD2100045",
                    "start": "865.44057",
                    "end": "866.77903",
                    "note": ""
                },
                {
                    "id": "SDRW2100000046.1.1.214",
                    "form": "물이 조금만 더 따뜻했으면 더 재밌게 놀았을 텐데",
                    "original_form": "물이 조금만 더 따뜻했으면 더 재밌게 놀았을 텐데",
                    "speaker_id": "SD2100045",
                    "start": "866.77903",
                    "end": "871.37903",
                    "note": ""
                },
                {
                    "id": "SDRW2100000046.1.1.215",
                    "form": "그게 좀 아쉬운 거 같아.",
                    "original_form": "그게 좀 아쉬운 거 같애.",
                    "speaker_id": "SD2100045",
                    "start": "871.37903",
                    "end": "873.48898",
                    "note": ""
                },
                {
                    "id": "SDRW2100000046.1.1.216",
                    "form": "응 다음에 뭐 수영 코스나 다이빙 같은 거를 하하려고 하면은",
                    "original_form": "응 다음에 뭐 수영 코스나 다이빙 같은 거를 -하-하려고 하면은",
                    "speaker_id": "SD2100046",
                    "start": "874.10897",
                    "end": "879.16899",
                    "note": ""
                },
                {
                    "id": "SDRW2100000046.1.1.217",
                    "form": "이제 쪼금 더 어 상황을 보고서 계획을 세워야 되는 거 같아.",
                    "original_form": "이제 쪼금 더 어 상황을 보고서 계획을 세워야 되는 거 같아.",
                    "speaker_id": "SD2100046",
                    "start": "879.16899",
                    "end": "884.15901",
                    "note": ""
                },
                {
                    "id": "SDRW2100000046.1.1.218",
                    "form": "그래 다음에 한번 같이 하자.",
                    "original_form": "그래 다음에 한번 같이 하자.",
                    "speaker_id": "SD2100045",
                    "start": "884.20900",
                    "end": "886.38901",
                    "note": ""
                }
            ]
        }
    ]
}